model_id,brand,model,title,series,model_year,diagonal_inches,weight_without_stand_kg,vesa_width_mm,vesa_height_mm,vesa_source_conflict,conflicting_catalog_value,conflicting_manual_value,conflict_note,checked_at,source_label,source_url,krepitv_model_url
hisense-32a4s,Hisense,32A4S,Hisense 32A4S,A4S,2026,32,3.4,100,100,false,,,,2026-08-04,Официальные российские характеристики Hisense,https://ru.hisense.com/catalog/tvs/32A4S/,https://krepitv.ru/modeli/hisense-32a4s/
hisense-32e44sl,Hisense,32E44SL,Hisense 32E44SL,E44SL,2026,32,3.4,100,100,false,,,,2026-08-04,Официальные российские характеристики Hisense,https://ru.hisense.com/catalog/tvs/32E44SL/,https://krepitv.ru/modeli/hisense-32e44sl/
hisense-32e55sl,Hisense,32E55SL,Hisense 32E55SL,E55SL,2026,32,3.5,100,100,false,,,,2026-08-04,Официальные российские характеристики Hisense,https://ru.hisense.com/catalog/tvs/32E55SL/,https://krepitv.ru/modeli/hisense-32e55sl/
hisense-43e66sl,Hisense,43E66SL,Hisense 43E66SL,E66SL,2026,43,5.9,200,300,false,,,,2026-08-04,Официальные российские характеристики Hisense,https://ru.hisense.com/catalog/tvs/43E66SL/,https://krepitv.ru/modeli/hisense-43e66sl/
hisense-43e7s,Hisense,43E7S,Hisense 43E7S,E7S,2026,43,5.9,200,300,false,,,,2026-07-30,Официальные характеристики Hisense,https://ru.hisense.com/catalog/tvs/43E7S/,https://krepitv.ru/modeli/hisense-43e7s/
hisense-50e7s,Hisense,50E7S,Hisense 50E7S,E7S,2026,50,8,200,400,false,,,,2026-07-30,Официальные характеристики Hisense,https://ru.hisense.com/catalog/tvs/50E7S/,https://krepitv.ru/modeli/hisense-50e7s/
hisense-50u77sl,Hisense,50U77SL,Hisense 50U77SL,U77SL,2026,50,10.6,400,300,false,,,,2026-07-30,Официальные характеристики Hisense,https://ru.hisense.com/catalog/tvs/50U77SL/,https://krepitv.ru/modeli/hisense-50u77sl/
hisense-55e77sl,Hisense,55E77SL,Hisense 55E77SL,E77SL,2026,55,9.3,200,400,false,,,,2026-07-30,Официальные характеристики Hisense,https://ru.hisense.com/catalog/tvs/55E77SL/,https://krepitv.ru/modeli/hisense-55e77sl/
hisense-55e7s,Hisense,55E7S,Hisense 55E7S,E7S,2026,55,9.3,200,400,false,,,,2026-07-30,Официальные характеристики Hisense,https://ru.hisense.com/catalog/tvs/55E7S/,https://krepitv.ru/modeli/hisense-55e7s/
hisense-55u7q,Hisense,55U7Q,Hisense 55U7Q,U7Q,2025,55,14,400,200,false,,,,2026-07-30,Официальные российские характеристики Hisense,https://ru.hisense.com/catalog/tvs/55U7Q/,https://krepitv.ru/modeli/hisense-55u7q/
hisense-55u7s,Hisense,55U7S,Hisense 55U7S,U7S,2026,55,13.6,200,300,false,,,,2026-07-30,Официальные характеристики Hisense,https://ru.hisense.com/catalog/tvs/55U7S/,https://krepitv.ru/modeli/hisense-55u7s/
hisense-55u7s-pro,Hisense,55U7S PRO,Hisense 55U7S PRO,U7S PRO,2026,55,14.1,400,300,true,400×300 мм,400×400 мм,До монтажа измерьте расстояние между центрами отверстий или сверьте бумажную инструкцию именно вашего экземпляра.,2026-07-30,Официальные характеристики Hisense,https://ru.hisense.com/catalog/tvs/55U7SPRO/,https://krepitv.ru/modeli/hisense-55u7s-pro/
hisense-55u8q,Hisense,55U8Q,Hisense 55U8Q,U8Q,2025,55,17.9,400,400,false,,,,2026-07-30,Официальные российские характеристики Hisense,https://ru.hisense.com/catalog/tvs/55U8Q/,https://krepitv.ru/modeli/hisense-55u8q/
hisense-65u77sl,Hisense,65U77SL,Hisense 65U77SL,U77SL,2026,65,18.6,400,300,false,,,,2026-07-30,Официальные российские характеристики Hisense,https://ru.hisense.com/catalog/tvs/65U77SL/,https://krepitv.ru/modeli/hisense-65u77sl/
hisense-65u7q,Hisense,65U7Q,Hisense 65U7Q,U7Q,2025,65,19.5,400,400,false,,,,2026-07-30,Официальные российские характеристики Hisense,https://ru.hisense.com/catalog/tvs/65U7Q/,https://krepitv.ru/modeli/hisense-65u7q/
hisense-65u7s,Hisense,65U7S,Hisense 65U7S,U7S,2026,65,18.6,400,300,false,,,,2026-07-30,Официальные характеристики Hisense,https://ru.hisense.com/catalog/tvs/65U7S/,https://krepitv.ru/modeli/hisense-65u7s/
hisense-65u8q,Hisense,65U8Q,Hisense 65U8Q,U8Q,2025,65,24.4,400,400,false,,,,2026-07-30,Официальные российские характеристики Hisense,https://ru.hisense.com/catalog/tvs/65U8Q/,https://krepitv.ru/modeli/hisense-65u8q/
hisense-65ur9s,Hisense,65UR9S,Hisense 65UR9S,UR9S,2026,65,24.4,400,400,false,,,,2026-07-30,Официальные российские характеристики Hisense,https://ru.hisense.com/catalog/tvs/65UR9S/,https://krepitv.ru/modeli/hisense-65ur9s/
hisense-75u7q,Hisense,75U7Q,Hisense 75U7Q,U7Q,2025,75,27.5,600,400,false,,,,2026-07-30,Официальные российские характеристики Hisense,https://ru.hisense.com/catalog/tvs/75U7Q/,https://krepitv.ru/modeli/hisense-75u7q/
hisense-85e7s,Hisense,85E7S,Hisense 85E7S,E7S,2026,85,26.9,500,400,false,,,,2026-08-04,Официальные российские характеристики Hisense,https://ru.hisense.com/catalog/tvs/85E7S/,https://krepitv.ru/modeli/hisense-85e7s/
lg-32lq63006la,LG,32LQ63006LA,LG 32LQ63006LA,LQ6300,2022,32,4.65,200,200,false,,,,2026-08-04,Официальные характеристики LG,https://www.lg.com/ru/televisions/lg-32lq63006la,https://krepitv.ru/modeli/lg-32lq63006la/
lg-32lq630b6la,LG,32LQ630B6LA,LG 32LQ630B6LA,LQ630,2022,32,4.65,200,200,false,,,,2026-08-04,Официальные характеристики LG,https://www.lg.com/at/tv-soundbars/smart-tvs/32lq630b6la/,https://krepitv.ru/modeli/lg-32lq630b6la/
lg-32lq63806lc,LG,32LQ63806LC,LG 32LQ63806LC,LQ6380,2022,32,4.65,200,200,false,,,,2026-08-04,Официальные характеристики LG,https://www.lg.com/rs/televizori/lg-32lq63806lc,https://krepitv.ru/modeli/lg-32lq63806lc/
lg-43qned70a6a,LG,43QNED70A6A,LG 43QNED70A6A,QNED70,2025,43,7.5,200,200,false,,,,2026-07-30,Официальные российские характеристики LG,https://www.lg.com/ru/televisions/lg-43qned70a6a,https://krepitv.ru/modeli/lg-43qned70a6a/
lg-43qned80a6a,LG,43QNED80A6A,LG 43QNED80A6A,QNED80,2025,43,9.3,200,200,false,,,,2026-07-30,Официальные российские характеристики LG,https://www.lg.com/ru/televisions/lg-43qned80a6a,https://krepitv.ru/modeli/lg-43qned80a6a/
lg-43qned80b6b,LG,43QNED80B6B,LG 43QNED80B6B,QNED80,2026,43,7.3,200,200,false,,,,2026-07-30,Официальные характеристики LG,https://www.lg.com/ru/televisions/lg-43qned80b6b,https://krepitv.ru/modeli/lg-43qned80b6b/
lg-43qned82a6b,LG,43QNED82A6B,LG 43QNED82A6B,QNED82,2025,43,9.4,200,200,false,,,,2026-07-30,Официальные российские характеристики LG,https://www.lg.com/ru/televisions/lg-43qned82a6b,https://krepitv.ru/modeli/lg-43qned82a6b/
lg-50nano81a6a,LG,50NANO81A6A,LG 50NANO81A6A,NANO81,2025,50,12.1,200,200,false,,,,2026-08-04,Официальные характеристики LG,https://www.lg.com/ua/televisions/lg-50nano81a6a,https://krepitv.ru/modeli/lg-50nano81a6a/
lg-50qned80b6b,LG,50QNED80B6B,LG 50QNED80B6B,QNED80,2026,50,9.4,200,200,false,,,,2026-07-30,Официальные характеристики LG,https://www.lg.com/ru/televisions/lg-50qned80b6b,https://krepitv.ru/modeli/lg-50qned80b6b/
lg-50qned82a6b,LG,50QNED82A6B,LG 50QNED82A6B,QNED82,2025,50,12.2,200,200,false,,,,2026-07-30,Официальные российские характеристики LG,https://www.lg.com/ru/televisions/lg-50qned82a6b,https://krepitv.ru/modeli/lg-50qned82a6b/
lg-50qned85b6a,LG,50QNED85B6A,LG 50QNED85B6A,QNED85,2026,50,12.6,200,200,false,,,,2026-07-30,Официальные характеристики LG,https://www.lg.com/ru/televisions/lg-50qned85b6a,https://krepitv.ru/modeli/lg-50qned85b6a/
lg-55qned83b6a,LG,55QNED83B6A,LG 55QNED83B6A,QNED83,2026,55,12.8,300,200,false,,,,2026-07-30,Официальные характеристики LG,https://www.lg.com/ru/televisions/lg-55qned83b6a,https://krepitv.ru/modeli/lg-55qned83b6a/
lg-55qned85b6c,LG,55QNED85B6C,LG 55QNED85B6C,QNED85,2026,55,14.5,300,300,false,,,,2026-07-30,Официальные характеристики LG,https://www.lg.com/ru/televisions/lg-55qned85b6c,https://krepitv.ru/modeli/lg-55qned85b6c/
lg-55qned86a6a,LG,55QNED86A6A,LG 55QNED86A6A,QNED86,2025,55,15.5,300,300,false,,,,2026-07-30,Официальные характеристики LG,https://www.lg.com/ru/televisions/lg-55qned86a6a,https://krepitv.ru/modeli/lg-55qned86a6a/
lg-55qned93a6a,LG,55QNED93A6A,LG 55QNED93A6A,QNED93,2025,55,12.5,300,300,false,,,,2026-07-30,Официальные российские характеристики LG,https://www.lg.com/ru/televisions/lg-55qned93a6a,https://krepitv.ru/modeli/lg-55qned93a6a/
lg-65qned80a6a,LG,65QNED80A6A,LG 65QNED80A6A,QNED80,2025,65,22.5,300,300,false,,,,2026-07-30,Официальные российские характеристики LG,https://www.lg.com/ru/televisions/lg-65qned80a6a,https://krepitv.ru/modeli/lg-65qned80a6a/
lg-65qned86a6a,LG,65QNED86A6A,LG 65QNED86A6A,QNED86,2025,65,22.5,300,300,false,,,,2026-07-30,Официальные характеристики LG,https://www.lg.com/ru/televisions/lg-65qned86a6a,https://krepitv.ru/modeli/lg-65qned86a6a/
lg-oled42c5rla,LG,OLED42C5RLA,LG OLED42C5RLA,OLED C5,2025,42,9.8,300,200,false,,,,2026-07-30,Официальные российские характеристики LG,https://www.lg.com/ru/televisions/lg-oled42c5rla,https://krepitv.ru/modeli/lg-oled42c5rla/
lg-oled48c5rla,LG,OLED48C5RLA,LG OLED48C5RLA,OLED C5,2025,48,14.9,300,200,false,,,,2026-07-30,Официальные российские характеристики LG,https://www.lg.com/ru/televisions/lg-oled48c5rla,https://krepitv.ru/modeli/lg-oled48c5rla/
lg-oled55b5rla,LG,OLED55B5RLA,LG OLED55B5RLA,OLED B5,2025,55,14.3,300,200,false,,,,2026-07-30,Официальные российские характеристики LG,https://www.lg.com/ru/televisions/lg-oled55b5rla,https://krepitv.ru/modeli/lg-oled55b5rla/
lg-oled55c4rla,LG,OLED55C4RLA,LG OLED55C4RLA,OLED C4,2024,55,14.1,300,200,false,,,,2026-07-30,Официальные характеристики LG,https://www.lg.com/ru/televisions/lg-oled55c4rla,https://krepitv.ru/modeli/lg-oled55c4rla/
lg-oled55c5rla,LG,OLED55C5RLA,LG OLED55C5RLA,OLED C5,2025,55,14.1,300,200,false,,,,2026-07-30,Официальные характеристики LG,https://www.lg.com/ru/televisions/lg-oled55c5rla,https://krepitv.ru/modeli/lg-oled55c5rla/
lg-oled55g5rla,LG,OLED55G5RLA,LG OLED55G5RLA,OLED G5,2025,55,16.8,300,200,false,,,,2026-07-30,Официальные российские характеристики LG,https://www.lg.com/ru/televisions/lg-oled55g5rla,https://krepitv.ru/modeli/lg-oled55g5rla/
lg-oled65c5rla,LG,OLED65C5RLA,LG OLED65C5RLA,OLED C5,2025,65,16.6,300,200,false,,,,2026-07-30,Официальные российские характеристики LG,https://www.lg.com/ru/televisions/lg-oled65c5rla,https://krepitv.ru/modeli/lg-oled65c5rla/
samsung-qe43q7faauxru,Samsung,QE43Q7FAAUXRU,Samsung QE43Q7FAAUXRU,Q7F,2025,43,7.1,200,200,false,,,,2026-07-30,Официальные характеристики Samsung,https://www.samsung.com/ru/tvs/qled-tv/q7f-43-inch-qled-4k-smart-tv-qe43q7faauxru/,https://krepitv.ru/modeli/samsung-qe43q7faauxru/
samsung-qe43q8faauxru,Samsung,QE43Q8FAAUXRU,Samsung QE43Q8FAAUXRU,Q8F,2025,43,7.9,200,200,false,,,,2026-07-30,Официальные российские характеристики Samsung,https://www.samsung.com/ru/tvs/qled-tv/q8f-43-inch-qled-4k-smart-tv-qe43q8faauxru/,https://krepitv.ru/modeli/samsung-qe43q8faauxru/
samsung-qe43qef1auxru,Samsung,QE43QEF1AUXRU,Samsung QE43QEF1AUXRU,QEF1,2025,43,7.1,200,200,false,,,,2026-07-30,Официальные российские характеристики Samsung,https://www.samsung.com/ru/tvs/qled-tv/qef1-43-inch-qled-4k-smart-tv-qe43qef1auxru/,https://krepitv.ru/modeli/samsung-qe43qef1auxru/
samsung-qe43qn90fauxru,Samsung,QE43QN90FAUXRU,Samsung QE43QN90FAUXRU,QN90F,2025,43,9.4,200,200,false,,,,2026-07-30,Официальные российские характеристики Samsung,https://www.samsung.com/ru/tvs/qled-tv/qn90f-43-inch-neo-qled-4k-mini-led-smart-tv-qe43qn90fauxru/,https://krepitv.ru/modeli/samsung-qe43qn90fauxru/
samsung-qe50q7faauxru,Samsung,QE50Q7FAAUXRU,Samsung QE50Q7FAAUXRU,Q7F,2025,50,9.6,200,200,false,,,,2026-07-30,Официальные характеристики Samsung,https://www.samsung.com/ru/tvs/qled-tv/q7f-50-inch-qled-4k-smart-tv-qe50q7faauxru/,https://krepitv.ru/modeli/samsung-qe50q7faauxru/
samsung-qe50qn90fauxru,Samsung,QE50QN90FAUXRU,Samsung QE50QN90FAUXRU,QN90F,2025,50,13.5,200,200,false,,,,2026-07-30,Официальные российские характеристики Samsung,https://www.samsung.com/ru/tvs/qled-tv/qn90f-50-inch-neo-qled-4k-mini-led-smart-tv-qe50qn90fauxru/,https://krepitv.ru/modeli/samsung-qe50qn90fauxru/
samsung-qe55q70dauxru,Samsung,QE55Q70DAUXRU,Samsung QE55Q70DAUXRU,Q70D,2024,55,15.3,200,200,false,,,,2026-07-30,Официальные характеристики Samsung,https://www.samsung.com/ru/tvs/qled-tv/q70d-55-inch-qled-4k-tizen-os-smart-tv-qe55q70dauxru/,https://krepitv.ru/modeli/samsung-qe55q70dauxru/
samsung-qe55q7f5auxru,Samsung,QE55Q7F5AUXRU,Samsung QE55Q7F5AUXRU,Q7F5,2025,55,10.8,200,200,false,,,,2026-07-30,Официальные характеристики Samsung,https://www.samsung.com/ru/tvs/qled-tv/q7f-55-inch-qled-4k-smart-tv-qe55q7f5auxru/,https://krepitv.ru/modeli/samsung-qe55q7f5auxru/
samsung-qe55q7faauxru,Samsung,QE55Q7FAAUXRU,Samsung QE55Q7FAAUXRU,Q7FA,2025,55,11.3,200,200,false,,,,2026-07-30,Официальные российские характеристики Samsung,https://www.samsung.com/ru/tvs/qled-tv/q7f-55-inch-qled-4k-smart-tv-qe55q7faauxru/,https://krepitv.ru/modeli/samsung-qe55q7faauxru/
samsung-qe55qn70fauxru,Samsung,QE55QN70FAUXRU,Samsung QE55QN70FAUXRU,QN70F,2025,55,14.2,200,200,false,,,,2026-07-30,Официальные российские характеристики Samsung,https://www.samsung.com/ru/tvs/qled-tv/qn70f-55-inch-neo-qled-4k-mini-led-smart-tv-qe55qn70fauxru/,https://krepitv.ru/modeli/samsung-qe55qn70fauxru/
samsung-qe55s85faexru,Samsung,QE55S85FAEXRU,Samsung QE55S85FAEXRU,S85F,2025,55,13,300,200,false,,,,2026-07-30,Официальные российские характеристики Samsung,https://www.samsung.com/ru/tvs/oled-tv/s85f-55-inch-oled-4k-smart-tv-qe55s85faexru/,https://krepitv.ru/modeli/samsung-qe55s85faexru/
samsung-qe55s90fauxru,Samsung,QE55S90FAUXRU,Samsung QE55S90FAUXRU,S90F,2025,55,16,300,200,false,,,,2026-07-30,Официальные российские характеристики Samsung,https://www.samsung.com/ru/tvs/oled-tv/s90f-55-inch-oled-4k-smart-tv-qe55s90fauxru/,https://krepitv.ru/modeli/samsung-qe55s90fauxru/
samsung-qe65q7faauxru,Samsung,QE65Q7FAAUXRU,Samsung QE65Q7FAAUXRU,Q7F,2025,65,16.7,400,300,false,,,,2026-07-30,Официальные характеристики Samsung,https://www.samsung.com/ru/tvs/qled-tv/q7f-65-inch-qled-4k-smart-tv-qe65q7faauxru/,https://krepitv.ru/modeli/samsung-qe65q7faauxru/
samsung-qe65qn70fauxru,Samsung,QE65QN70FAUXRU,Samsung QE65QN70FAUXRU,QN70F,2025,65,20.8,400,300,false,,,,2026-07-30,Официальные российские характеристики Samsung,https://www.samsung.com/ru/tvs/qled-tv/qn70f-65-inch-neo-qled-4k-mini-led-smart-tv-qe65qn70fauxru/,https://krepitv.ru/modeli/samsung-qe65qn70fauxru/
samsung-qe65s85faexru,Samsung,QE65S85FAEXRU,Samsung QE65S85FAEXRU,S85F,2025,65,17.4,300,200,false,,,,2026-07-30,Официальные характеристики Samsung,https://www.samsung.com/ru/tvs/oled-tv/s85f-65-inch-oled-4k-smart-tv-qe65s85faexru/,https://krepitv.ru/modeli/samsung-qe65s85faexru/
samsung-qe65s90faexru,Samsung,QE65S90FAEXRU,Samsung QE65S90FAEXRU,S90F,2025,65,19.1,300,200,false,,,,2026-07-30,Официальные российские характеристики Samsung,https://www.samsung.com/ru/tvs/oled-tv/s90f-65-inch-oled-4k-smart-tv-qe65s90faexru/,https://krepitv.ru/modeli/samsung-qe65s90faexru/
samsung-qe75q7faauxru,Samsung,QE75Q7FAAUXRU,Samsung QE75Q7FAAUXRU,Q7FA,2025,75,25.3,400,400,false,,,,2026-07-30,Официальные российские характеристики Samsung,https://www.samsung.com/ru/tvs/qled-tv/q7f-75-inch-qled-4k-smart-tv-qe75q7faauxru/,https://krepitv.ru/modeli/samsung-qe75q7faauxru/
samsung-qe77s85faexru,Samsung,QE77S85FAEXRU,Samsung QE77S85FAEXRU,S85F,2025,77,28.1,400,300,false,,,,2026-07-30,Официальные российские характеристики Samsung,https://www.samsung.com/ru/tvs/oled-tv/s85f-77-inch-oled-4k-smart-tv-qe77s85faexru/,https://krepitv.ru/modeli/samsung-qe77s85faexru/
samsung-qe85q7faauxru,Samsung,QE85Q7FAAUXRU,Samsung QE85Q7FAAUXRU,Q7FA,2025,85,32.5,600,400,false,,,,2026-07-30,Официальные российские характеристики Samsung,https://www.samsung.com/ru/tvs/qled-tv/q7f-85-inch-qled-4k-smart-tv-qe85q7faauxru/,https://krepitv.ru/modeli/samsung-qe85q7faauxru/
samsung-qe85qef1auxru,Samsung,QE85QEF1AUXRU,Samsung QE85QEF1AUXRU,QEF1,2025,85,32.5,600,400,false,,,,2026-08-04,Официальные российские характеристики Samsung,https://www.samsung.com/ru/tvs/qled-tv/qef1-85-inch-qled-4k-smart-tv-qe85qef1auxru/,https://krepitv.ru/modeli/samsung-qe85qef1auxru/
samsung-ue32f6000fuxru,Samsung,UE32F6000FUXRU,Samsung UE32F6000FUXRU,F6000F,2025,32,3.8,200,200,false,,,,2026-07-30,Официальные характеристики Samsung,https://www.samsung.com/ru/tvs/full-hd-tv/f6000-32-inch-ue32f6000fuxru/,https://krepitv.ru/modeli/samsung-ue32f6000fuxru/
samsung-ue32h5000fuxru,Samsung,UE32H5000FUXRU,Samsung UE32H5000FUXRU,H5000,2025,32,3.8,200,200,false,,,,2026-08-04,Официальные российские характеристики Samsung,https://www.samsung.com/ru/tvs/hd-tv/h5000-32-inch-ue32h5000fuxru/,https://krepitv.ru/modeli/samsung-ue32h5000fuxru/
samsung-ue43f6000fuxru,Samsung,UE43F6000FUXRU,Samsung UE43F6000FUXRU,F6000F,2025,43,6.5,200,200,false,,,,2026-07-30,Официальные российские характеристики Samsung,https://www.samsung.com/ru/tvs/full-hd-tv/f6000-43-inch-ue43f6000fuxru/,https://krepitv.ru/modeli/samsung-ue43f6000fuxru/
samsung-ue43u8000fuxru,Samsung,UE43U8000FUXRU,Samsung UE43U8000FUXRU,U8000F,2025,43,6.4,200,200,false,,,,2026-07-30,Официальные характеристики Samsung,https://www.samsung.com/ru/tvs/uhd-4k-tv/u8000f-43-inch-crystal-uhd-4k-smart-tv-ue43u8000fuxru/,https://krepitv.ru/modeli/samsung-ue43u8000fuxru/
samsung-ue50u8000fuxru,Samsung,UE50U8000FUXRU,Samsung UE50U8000FUXRU,U8000F,2025,50,8.3,200,200,false,,,,2026-07-30,Официальные характеристики Samsung,https://www.samsung.com/ru/tvs/uhd-4k-tv/u8000f-50-inch-crystal-uhd-4k-smart-tv-ue50u8000fuxru/,https://krepitv.ru/modeli/samsung-ue50u8000fuxru/
samsung-ue55u8000fuxru,Samsung,UE55U8000FUXRU,Samsung UE55U8000FUXRU,U8000F,2025,55,9.6,200,200,false,,,,2026-07-30,Официальные характеристики Samsung,https://www.samsung.com/ru/tvs/uhd-4k-tv/u8000f-55-inch-crystal-uhd-4k-smart-tv-ue55u8000fuxru/,https://krepitv.ru/modeli/samsung-ue55u8000fuxru/
samsung-ue65u8000fuxru,Samsung,UE65U8000FUXRU,Samsung UE65U8000FUXRU,U8000F,2025,65,14.2,200,200,false,,,,2026-07-30,Официальные характеристики Samsung,https://www.samsung.com/ru/tvs/uhd-4k-tv/u8000f-65-inch-crystal-uhd-4k-smart-tv-ue65u8000fuxru/,https://krepitv.ru/modeli/samsung-ue65u8000fuxru/
samsung-ue75u8000fuxru,Samsung,UE75U8000FUXRU,Samsung UE75U8000FUXRU,U8000F,2025,75,22.4,400,300,false,,,,2026-07-30,Официальные российские характеристики Samsung,https://www.samsung.com/ru/tvs/uhd-4k-tv/u8000f-75-inch-crystal-uhd-4k-smart-tv-ue75u8000fuxru/,https://krepitv.ru/modeli/samsung-ue75u8000fuxru/
samsung-ue85u8000fuxru,Samsung,UE85U8000FUXRU,Samsung UE85U8000FUXRU,U8000F,2025,85,28.7,400,300,false,,,,2026-07-30,Официальные российские характеристики Samsung,https://www.samsung.com/ru/tvs/uhd-4k-tv/u8000f-85-inch-crystal-uhd-4k-smart-tv-ue85u8000fuxru/,https://krepitv.ru/modeli/samsung-ue85u8000fuxru/
sber-sdx-32f2139,Sber,SDX-32F2139,Sber SDX-32F2139,SDX,,32,3.2,100,100,false,,,,2026-08-04,Официальные характеристики SberDevices,https://sberdevices.ru/shop/product/sdx_32f2139/,https://krepitv.ru/modeli/sber-sdx-32f2139/
sber-sdx-32f3112,Sber,SDX-32F3112,Sber SDX-32F3112,SDX,,32,3.2,100,100,false,,,,2026-08-04,Официальные характеристики SberDevices,https://sberdevices.ru/shop/product/sdx_32f3112/,https://krepitv.ru/modeli/sber-sdx-32f3112/
sber-sdx-32h3113,Sber,SDX-32H3113,Sber SDX-32H3113,SDX,,32,3.2,100,100,false,,,,2026-08-04,Официальные характеристики SberDevices,https://sberdevices.ru/shop/product/sdx_32h3113/,https://krepitv.ru/modeli/sber-sdx-32h3113/
sber-sdx-32h3114,Sber,SDX-32H3114,Sber SDX-32H3114,SDX,,32,3.3,100,100,false,,,,2026-08-04,Официальные характеристики SberDevices,https://sberdevices.ru/shop/product/sdx_32h3114/,https://krepitv.ru/modeli/sber-sdx-32h3114/
sber-sdx-43f3000dba,Sber,SDX-43F3000DBA,Sber SDX-43F3000DBA,SDX,,43,5.2,200,200,false,,,,2026-08-04,Официальные характеристики SberDevices,https://sberdevices.ru/shop/product/sdx_43f3000dba/,https://krepitv.ru/modeli/sber-sdx-43f3000dba/
tcl-32a400-pro,TCL,32A400 PRO,TCL 32A400 PRO,A400 PRO,2026,32,4.66,100,100,false,,,,2026-07-30,Официальные глобальные характеристики TCL,https://www.tcl.com/global/en/tvs/32a400-pro,https://krepitv.ru/modeli/tcl-32a400-pro/
tcl-43s5k,TCL,43S5K,TCL 43S5K,S5K,2025,43,5.02,100,100,false,,,,2026-07-30,Официальные характеристики TCL для точной модели,https://www.tcl.com/ru/ru/tvs/s5k,https://krepitv.ru/modeli/tcl-43s5k/
tcl-50v6c,TCL,50V6C,TCL 50V6C,V6C,2025,50,7.2,200,200,false,,,,2026-08-04,Официальные российские характеристики TCL,https://www.tcl.com/ru/ru/tvs/v6c,https://krepitv.ru/modeli/tcl-50v6c/
tcl-55c6k,TCL,55C6K,TCL 55C6K,C6K,2025,55,12.2,300,300,false,,,,2026-07-30,Официальные российские характеристики TCL,https://www.tcl.com/ru/ru/tvs/55c6k,https://krepitv.ru/modeli/tcl-55c6k/
tcl-55c745,TCL,55C745,TCL 55C745,C745,2023,55,13.2,400,300,false,,,,2026-07-30,Официальные характеристики TCL для точной модели,https://www.tcl.com/ru/ru/tvs/c745,https://krepitv.ru/modeli/tcl-55c745/
tcl-55c755,TCL,55C755,TCL 55C755,C755,2023,55,13,400,300,false,,,,2026-07-30,Официальные российские характеристики TCL,https://www.tcl.com/ru/ru/tvs/c755,https://krepitv.ru/modeli/tcl-55c755/
tcl-55c765,TCL,55C765,TCL 55C765,C765,2024,55,13.3,400,300,false,,,,2026-07-30,Официальные российские характеристики TCL,https://www.tcl.com/ru/ru/tvs/c765,https://krepitv.ru/modeli/tcl-55c765/
tcl-55c7k,TCL,55C7K,TCL 55C7K,C7K,2025,55,13.3,300,300,false,,,,2026-07-30,Официальные российские характеристики TCL,https://www.tcl.com/ru/ru/tvs/55c7k,https://krepitv.ru/modeli/tcl-55c7k/
tcl-55c7l,TCL,55C7L,TCL 55C7L,C7L,2026,55,13.3,300,300,false,,,,2026-07-30,Официальные характеристики TCL для точной модели,https://www.tcl.com/ru/ru/tvs/55c7l,https://krepitv.ru/modeli/tcl-55c7l/
tcl-55p6k,TCL,55P6K,TCL 55P6K,P6K,2025,55,9,200,200,false,,,,2026-07-30,Официальные российские характеристики TCL,https://www.tcl.com/ru/ru/tvs/p6k,https://krepitv.ru/modeli/tcl-55p6k/
tcl-55p7k,TCL,55P7K,TCL 55P7K,P7K,2025,55,10.5,300,300,false,,,,2026-07-30,Официальные российские характеристики TCL,https://www.tcl.com/ru/ru/tvs/p7k,https://krepitv.ru/modeli/tcl-55p7k/
tcl-55q6cs,TCL,55Q6CS,TCL 55Q6CS,Q6CS,2025,55,12.2,300,300,false,,,,2026-08-04,Официальные российские характеристики TCL,https://www.tcl.com/ru/ru/tvs/q6cs,https://krepitv.ru/modeli/tcl-55q6cs/
tcl-55t8d,TCL,55T8D,TCL 55T8D,T8D,2026,55,11,300,300,false,,,,2026-08-04,Официальные российские характеристики TCL,https://www.tcl.com/ru/ru/tvs/t8d,https://krepitv.ru/modeli/tcl-55t8d/
tcl-65c7k,TCL,65C7K,TCL 65C7K,C7K,2025,65,18,300,300,false,,,,2026-07-30,Официальные российские характеристики TCL,https://www.tcl.com/ru/ru/tvs/65c7k,https://krepitv.ru/modeli/tcl-65c7k/
tcl-65q7d,TCL,65Q7D,TCL 65Q7D,Q7D,2026,65,18,600,400,false,,,,2026-08-04,Официальные российские характеристики TCL,https://www.tcl.com/ru/ru/tvs/q7d,https://krepitv.ru/modeli/tcl-65q7d/
tcl-75c6k,TCL,75C6K,TCL 75C6K,C6K,2025,75,23,300,300,false,,,,2026-07-30,Официальные российские характеристики TCL,https://www.tcl.com/ru/ru/tvs/75c6k,https://krepitv.ru/modeli/tcl-75c6k/
tuvio-td43ufbhh13,Tuvio,TD43UFBHH13,Tuvio TD43UFBHH13,Tuvio,2025,43,5.2,200,200,false,,,,2026-08-04,Официальные характеристики Tuvio,https://tuvio.yandex.ru/card/43-televizor-tuvio-4k-ultra-hd-dled-frameless-na-platforme-yaos-td43ufbhh13-chernyy,https://krepitv.ru/modeli/tuvio-td43ufbhh13/
tuvio-tq65ufghh13,Tuvio,TQ65UFGHH13,Tuvio TQ65UFGHH13,Tuvio,,65,12.8,300,300,false,,,,2026-08-04,Официальные характеристики Tuvio,https://tuvio.yandex.ru/card/65-televizor-tuvio-4k-ultra-hd-qled-frameless-na-platforme-yaos-tq65ufghh13,https://krepitv.ru/modeli/tuvio-tq65ufghh13/
xiaomi-tv-a-43-2025,Xiaomi,Xiaomi TV A 43 2025,Xiaomi TV A 43 2025,TV A 2025,2025,43,5.9,200,100,false,,,,2026-07-30,Официальные глобальные характеристики Xiaomi,https://www.mi.com/global/product/xiaomi-tv-a-43-2025/specs/,https://krepitv.ru/modeli/xiaomi-tv-a-43-2025/
xiaomi-tv-a-50-2025,Xiaomi,Xiaomi TV A 50 2025,Xiaomi TV A 50 2025,TV A 2025,2025,50,8,200,200,false,,,,2026-07-30,Официальные глобальные характеристики Xiaomi,https://www.mi.com/global/product/xiaomi-tv-a-50-2025/specs/,https://krepitv.ru/modeli/xiaomi-tv-a-50-2025/
xiaomi-tv-a-55-2025,Xiaomi,Xiaomi TV A 55 2025,Xiaomi TV A 55 2025,TV A 2025,2025,55,10.1,200,200,false,,,,2026-07-30,Официальные глобальные характеристики Xiaomi,https://www.mi.com/global/product/xiaomi-tv-a-55-2025/specs/,https://krepitv.ru/modeli/xiaomi-tv-a-55-2025/
xiaomi-tv-a-pro-43-2025,Xiaomi,Xiaomi TV A Pro 43 2025,Xiaomi TV A Pro 43 2025,TV A Pro 2025,2025,43,6,100,200,false,,,,2026-07-30,Официальные глобальные характеристики Xiaomi,https://www.mi.com/global/product/xiaomi-tv-a-pro-43-2025/specs/,https://krepitv.ru/modeli/xiaomi-tv-a-pro-43-2025/
xiaomi-tv-a-pro-55-2025,Xiaomi,Xiaomi TV A Pro 55 2025,Xiaomi TV A Pro 55 2025,TV A Pro 2025,2025,55,10.3,200,200,false,,,,2026-07-30,Официальные российские характеристики Xiaomi,https://www.mi.com/ru/product/xiaomi-tv-a-pro-55-2025/specs/,https://krepitv.ru/modeli/xiaomi-tv-a-pro-55-2025/
xiaomi-tv-a-pro-65-2025,Xiaomi,Xiaomi TV A Pro 65 2025,Xiaomi TV A Pro 65 2025,TV A Pro 2025,2025,65,14.7,400,300,false,,,,2026-07-30,Официальные глобальные характеристики Xiaomi,https://www.mi.com/global/product/xiaomi-tv-a-pro-65-2025/specs/,https://krepitv.ru/modeli/xiaomi-tv-a-pro-65-2025/
