keyword,wordcraft_avg_monthly_demand,wordcraft_avg_monthly_result_clicks,wordcraft_competition,cluster,priority,status,canonical,action,observed_on,region,devices,period
кронштейн для монитора,7786,3774,высокая,мониторы,P1,обязательно в разработку,/kronshteyn-dlya-monitora/,новый помощник выбора; широкий охват не лёгкий вход,2026-10-08,Россия,Все устройства,Среднемесячно за последний год; точные даты не показаны
кронштейн для монитора на стол,1098,522,высокая,мониторы,P1,сценарий помощника,/kronshteyn-dlya-monitora/,струбцина или отверстие; параметры стола,2026-10-08,Россия,Все устройства,Среднемесячно за последний год; точные даты не показаны
кронштейн для монитора на стену,418,217,высокая,мониторы,P2,сценарий после квалификации,/kronshteyn-dlya-monitora/,проверить стеновое крепление отдельно от настольного,2026-10-08,Россия,Все устройства,Среднемесячно за последний год; точные даты не показаны
кронштейн для двух мониторов,289,140,высокая,мониторы,P2,сценарий после квалификации,/kronshteyn-dlya-monitora/,масса каждого монитора и диапазон плеч,2026-10-08,Россия,Все устройства,Среднемесячно за последний год; точные даты не показаны
кронштейн для монитора 27 дюймов,128,59,высокая,мониторы,P2,вариант того же интента,/kronshteyn-dlya-monitora/,диагональ не подтверждает совместимость,2026-10-08,Россия,Все устройства,Среднемесячно за последний год; точные даты не показаны
как выбрать кронштейн для монитора,82,77,умеренная,мониторы,P1,первый поисковый вход,/kronshteyn-dlya-monitora/,VESA масса стол и проверка конкретного изделия,2026-10-08,Россия,Все устройства,Среднемесячно за последний год; точные даты не показаны
какой кронштейн для монитора выбрать,59,42,умеренная,мониторы,P1,вариант того же интента,/kronshteyn-dlya-monitora/,не создавать второй URL и не складывать спрос,2026-10-08,Россия,Все устройства,Среднемесячно за последний год; точные даты не показаны
кронштейн для монитора без крепления,76,34,высокая,мониторы,P2,требует квалификации,/kronshteyn-dlya-monitora/,проверить конкретный адаптер и модель без VESA,2026-10-08,Россия,Все устройства,Среднемесячно за последний год; точные даты не показаны
регулировка кронштейна для монитора,45,37,высокая,мониторы,P2,требует источников,,направление регулировки и нагрузка только из руководства,2026-10-08,Россия,Все устройства,Среднемесячно за последний год; точные даты не показаны
кронштейн для монитора с регулировкой по высоте,69,34,высокая,мониторы,P2,сценарий помощника,/kronshteyn-dlya-monitora/,учесть диапазон высоты и минимум нагрузки газлифта,2026-10-08,Россия,Все устройства,Среднемесячно за последний год; точные даты не показаны
телевизор hisense не подключается к wifi,145,138,низкая,сеть,P1,кандидат после сверки покрытия,,разделить сеть не видна и подключён без интернета,2026-10-08,Россия,Все устройства,Среднемесячно за последний год; точные даты не показаны
телевизор xiaomi не подключается к wifi,141,131,низкая,сеть,P1,кандидат после сверки покрытия,,проверить меню платформ и диапазоны сети,2026-10-08,Россия,Все устройства,Среднемесячно за последний год; точные даты не показаны
xiaomi tv не подключается к wifi,130,128,низкая,сеть,P1,вариант того же интента,,объединить с запросом телевизор xiaomi; не суммировать,2026-10-08,Россия,Все устройства,Среднемесячно за последний год; точные даты не показаны
телевизор lg не подключается к wifi,466,367,умеренная,сеть,P2,кандидат после сверки покрытия,,проверить официальную диагностику конкретной платформы,2026-10-08,Россия,Все устройства,Среднемесячно за последний год; точные даты не показаны
телевизор lg не видит wifi,395,353,умеренная,сеть,P2,проверить самостоятельность,,сеть отсутствует в списке не равно ошибка пароля,2026-10-08,Россия,Все устройства,Среднемесячно за последний год; точные даты не показаны
телевизор haier не подключается к wifi,159,153,умеренная,сеть,P2,кандидат после сверки покрытия,,проверить ОС и официальные ветки диагностики,2026-10-08,Россия,Все устройства,Среднемесячно за последний год; точные даты не показаны
подключение к сети ограничено на телевизоре через wifi как исправить,150,165,умеренная,сеть,P1,существующий маршрут требует аудита,/televizor-podklyuchen-k-wifi-no-net-interneta/,сверить сообщение ограниченной сети и результат мастера,2026-10-08,Россия,Все устройства,Среднемесячно за последний год; точные даты не показаны
почему телевизор не видит 5g сеть wifi,67,74,умеренная,сеть,P2,существующий маршрут требует аудита,/tv-ne-vidit-wifi-5ghz/,разделить Wi-Fi 5 ГГц и мобильную сеть 5G,2026-10-08,Россия,Все устройства,Среднемесячно за последний год; точные даты не показаны
телевизор не видит флешку,708,503,умеренная,USB,P1,существующий маршрут требует аудита,/televizor-ne-vidit-fleshku/,накопитель файл и воспроизведение разные ветки,2026-10-08,Россия,Все устройства,Среднемесячно за последний год; точные даты не показаны
телевизор haier не видит флешку,132,129,низкая,USB,P1,кандидат на брендовый раздел,/televizor-ne-vidit-fleshku/,меню порт файловая система и питание по источникам,2026-10-08,Россия,Все устройства,Среднемесячно за последний год; точные даты не показаны
телевизор хайер не видит флешку,126,123,низкая,USB,P1,вариант того же интента,/televizor-ne-vidit-fleshku/,объединить с латинским названием бренда,2026-10-08,Россия,Все устройства,Среднемесячно за последний год; точные даты не показаны
телевизор philips не видит флешку,540,445,умеренная,USB,P2,кандидат на брендовый раздел,/televizor-ne-vidit-fleshku/,проверить ограничения конкретной платформы,2026-10-08,Россия,Все устройства,Среднемесячно за последний год; точные даты не показаны
телевизор sony не видит флешку,416,381,умеренная,USB,P2,кандидат на брендовый раздел,/televizor-ne-vidit-fleshku/,проверить формат и питание по руководству модели,2026-10-08,Россия,Все устройства,Среднемесячно за последний год; точные даты не показаны
телевизор samsung не видит флешку,302,268,умеренная,USB,P2,кандидат на брендовый раздел,/televizor-ne-vidit-fleshku/,не обещать одинаковые ограничения всех моделей,2026-10-08,Россия,Все устройства,Среднемесячно за последний год; точные даты не показаны
телевизор dexp не видит флешку,177,171,умеренная,USB,P2,кандидат на брендовый раздел,/televizor-ne-vidit-fleshku/,сверить руководство и ОС конкретной модели,2026-10-08,Россия,Все устройства,Среднемесячно за последний год; точные даты не показаны
телевизор tcl не видит флешку,135,133,умеренная,USB,P2,кандидат на брендовый раздел,/televizor-ne-vidit-fleshku/,сверить руководство и ОС конкретной модели,2026-10-08,Россия,Все устройства,Среднемесячно за последний год; точные даты не показаны
телевизор не видит флешку а компьютер видит что делать,138,121,умеренная,USB,P1,существующий маршрут требует аудита,/televizor-ne-vidit-fleshku/,проверка разделов формата и питания без удаления данных,2026-10-08,Россия,Все устройства,Среднемесячно за последний год; точные даты не показаны
какой формат флешки нужен для телевизора,27,15,умеренная,USB,P2,существующий маршрут требует аудита,/kakoy-format-fleshki-nuzhen-dlya-televizora/,проверить таблицу ограничений и защиту от потери данных,2026-10-08,Россия,Все устройства,Среднемесячно за последний год; точные даты не показаны
телевизор не видит apk файлы на флешке,15,18,низкая,USB,P2,требует квалификации,/televizor-ne-vidit-fleshku/,разделить несовместимую ОС и файловый менеджер,2026-10-08,Россия,Все устройства,Среднемесячно за последний год; точные даты не показаны
как подключить телевизор к компьютеру через hdmi,694,676,умеренная,HDMI,P1,существующий маршрут требует аудита,/televizor-ne-vidit-noutbuk-cherez-hdmi/,сверить обычное подключение и неисправность; не подменять ARC,2026-10-08,Россия,Все устройства,Среднемесячно за последний год; точные даты не показаны
hdmi не видит телевизор,352,228,умеренная,HDMI,P1,существующий маршрут требует аудита,/televizor-ne-vidit-noutbuk-cherez-hdmi/,уточнить источник направление и вход,2026-10-08,Россия,Все устройства,Среднемесячно за последний год; точные даты не показаны
телевизор philips не видит hdmi,290,200,умеренная,HDMI,P2,кандидат на брендовый раздел,/televizor-ne-vidit-noutbuk-cherez-hdmi/,не смешивать телевизор не видит источник и ПК не видит ТВ,2026-10-08,Россия,Все устройства,Среднемесячно за последний год; точные даты не показаны
телевизор lg не видит hdmi,234,157,умеренная,HDMI,P2,кандидат на брендовый раздел,/televizor-ne-vidit-noutbuk-cherez-hdmi/,проверить вход и конкретное меню источников,2026-10-08,Россия,Все устройства,Среднемесячно за последний год; точные даты не показаны
нет звука через hdmi на телевизоре,140,130,умеренная,HDMI,P1,проверить пробел,,не путать ПК-приставка→ТВ и ТВ→саундбар ARC,2026-10-08,Россия,Все устройства,Среднемесячно за последний год; точные даты не показаны
телевизор dexp не видит hdmi,121,119,умеренная,HDMI,P2,кандидат на брендовый раздел,/televizor-ne-vidit-noutbuk-cherez-hdmi/,квалифицировать меню конкретной модели,2026-10-08,Россия,Все устройства,Среднемесячно за последний год; точные даты не показаны
телевизор sony не видит hdmi,94,92,умеренная,HDMI,P2,кандидат на брендовый раздел,/televizor-ne-vidit-noutbuk-cherez-hdmi/,квалифицировать вход и формат сигнала,2026-10-08,Россия,Все устройства,Среднемесячно за последний год; точные даты не показаны
hdmi нет сигнала на телевизоре,109,87,умеренная,HDMI,P1,существующий маршрут требует аудита,/televizor-ne-vidit-noutbuk-cherez-hdmi/,источник кабель вход режим вывода и результат проверки,2026-10-08,Россия,Все устройства,Среднемесячно за последний год; точные даты не показаны
как настроить саундбар,133,174,умеренная,звук,P1,проверить пробел,/kak-podklyuchit-saundbar-k-televizoru/,сценарий после подключения; вход CEC и задержка,2026-10-08,Россия,Все устройства,Среднемесячно за последний год; точные даты не показаны
как управлять телевизором с телефона,614,598,умеренная,телефон,P1,существующий маршрут требует аудита,/kak-upravlyat-televizorom-s-telefona/,официальное приложение сеть ограничения без пульта,2026-10-08,Россия,Все устройства,Среднемесячно за последний год; точные даты не показаны
управление телевизором с телефона,147,81,умеренная,телефон,P1,вариант того же интента,/kak-upravlyat-televizorom-s-telefona/,не создавать дублирующий URL и не складывать спрос,2026-10-08,Россия,Все устройства,Среднемесячно за последний год; точные даты не показаны
телевизор не видит телефон через usb,291,115,умеренная,телефон,P2,требует сверки покрытия,,объяснить поддерживаемые протоколы и не обещать вывод экрана по USB,2026-10-08,Россия,Все устройства,Среднемесячно за последний год; точные даты не показаны
как подключить телефон к телевизору haier,137,78,умеренная,телефон,P2,требует сверки покрытия,,платформа телефона и ТВ плюс способ подключения,2026-10-08,Россия,Все устройства,Среднемесячно за последний год; точные даты не показаны
где у телевизора самсунг гнездо для наушников,64,80,умеренная,звук,P2,требует квалификации,,проверить паспорт модели; не обещать наличие разъёма,2026-10-08,Россия,Все устройства,Среднемесячно за последний год; точные даты не показаны
переходник vesa 200 на 300,32,17,умеренная,монтаж ТВ,P2,требует квалификации,/vesa/,точные две оси масса и проверенная пластина адаптера,2026-10-08,Россия,Все устройства,Среднемесячно за последний год; точные даты не показаны
какие болты нужны для крепления телевизора к кронштейну,6,4,умеренная,монтаж ТВ,P2,существующий маршрут требует аудита,/vinty-dlya-krepleniya-televizora/,длина резьба и проставки только по паспорту,2026-10-08,Россия,Все устройства,Среднемесячно за последний год; точные даты не показаны
