brand,exact_sku,diagonal_in,official_discovery_source,official_source_type,exact_sku_found_open_icecat,icecat_returned_sku,icecat_http_status,vesa_mm,weight_without_stand_kg,body_width_without_stand_mm,body_height_without_stand_mm,body_depth_without_stand_mm,icecat_query_url,icecat_license_attribution,checked_date,notes
Samsung,QE55QEF1AUXRU,55,https://www.samsung.com/ru/tvs/qled-tv/qef1-55-inch-qled-4k-smart-tv-qe55qef1auxru/,manufacturer_ru_product_page,no,,404,,,,,,https://live.icecat.biz/api/?shopname=openIcecat-live&lang=en&content=essentialinfo%2Cfeaturegroups&brand=Samsung&productcode=QE55QEF1AUXRU,"Open Icecat Content License v1.4; on reuse: Specs Icecat link + AS IS disclaimer; registered account required; no ML training",2026-07-30,Exact Russian XRU SKU was not returned by the public Open Icecat endpoint
Samsung,QE55QN1EFAUXRU,55,https://www.samsung.com/ru/tvs/qled-tv/qn1ef-55-inch-neo-qled-4k-mini-led-smart-tv-qe55qn1efauxru/,manufacturer_ru_product_page,no,,404,,,,,,https://live.icecat.biz/api/?shopname=openIcecat-live&lang=en&content=essentialinfo%2Cfeaturegroups&brand=Samsung&productcode=QE55QN1EFAUXRU,"Open Icecat Content License v1.4; on reuse: Specs Icecat link + AS IS disclaimer; registered account required; no ML training",2026-07-30,Exact Russian XRU SKU was not returned by the public Open Icecat endpoint
Samsung,QE55Q7F5AUXRU,55,https://www.samsung.com/ru/tvs/qled-tv/q7f-55-inch-qled-4k-smart-tv-qe55q7f5auxru/,manufacturer_ru_product_page,no,,404,,,,,,https://live.icecat.biz/api/?shopname=openIcecat-live&lang=en&content=essentialinfo%2Cfeaturegroups&brand=Samsung&productcode=QE55Q7F5AUXRU,"Open Icecat Content License v1.4; on reuse: Specs Icecat link + AS IS disclaimer; registered account required; no ML training",2026-07-30,Exact Russian XRU SKU was not returned by the public Open Icecat endpoint
Samsung,UE55U8000FUXRU,55,https://www.samsung.com/ru/tvs/uhd-4k-tv/u8000f-55-inch-crystal-uhd-4k-smart-tv-ue55u8000fuxru/,manufacturer_ru_product_page,no,,404,,,,,,https://live.icecat.biz/api/?shopname=openIcecat-live&lang=en&content=essentialinfo%2Cfeaturegroups&brand=Samsung&productcode=UE55U8000FUXRU,"Open Icecat Content License v1.4; on reuse: Specs Icecat link + AS IS disclaimer; registered account required; no ML training",2026-07-30,Exact Russian XRU SKU was not returned by the public Open Icecat endpoint
Samsung,QE55QN90FAUXRU,55,https://www.samsung.com/ru/tvs/qled-tv/qn90f-55-inch-neo-qled-4k-mini-led-smart-tv-qe55qn90fauxru/,manufacturer_ru_product_page,no,,404,,,,,,https://live.icecat.biz/api/?shopname=openIcecat-live&lang=en&content=essentialinfo%2Cfeaturegroups&brand=Samsung&productcode=QE55QN90FAUXRU,"Open Icecat Content License v1.4; on reuse: Specs Icecat link + AS IS disclaimer; registered account required; no ML training",2026-07-30,Exact Russian XRU SKU was not returned by the public Open Icecat endpoint
LG,55NANO80A6B,55,https://www.lg.com/ru/televisions/lg-55nano80a6b,manufacturer_ru_product_page,yes,55NANO80A6B,200,300x300,14,1235,715,57.5,https://live.icecat.biz/api/?shopname=openIcecat-live&lang=en&content=essentialinfo%2Cfeaturegroups&brand=LG&productcode=55NANO80A6B,"Open Icecat Content License v1.4; on reuse: Specs Icecat link + AS IS disclaimer; registered account required; no ML training",2026-07-30,Exact brand and SKU match
LG,55QNED80A6A,55,https://www.lg.com/ru/televisions/lg-55qned80a6a,manufacturer_ru_product_page,no,55QNED80A6A.AEU,200,,,,,,https://live.icecat.biz/api/?shopname=openIcecat-live&lang=en&content=essentialinfo%2Cfeaturegroups&brand=LG&productcode=55QNED80A6A,"Open Icecat Content License v1.4; on reuse: Specs Icecat link + AS IS disclaimer; registered account required; no ML training",2026-07-30,Near-match rejected because Icecat appended regional suffix .AEU
LG,55QNED86A6A,55,https://www.lg.com/ru/televisions/lg-55qned86a6a,manufacturer_ru_product_page,no,,404,,,,,,https://live.icecat.biz/api/?shopname=openIcecat-live&lang=en&content=essentialinfo%2Cfeaturegroups&brand=LG&productcode=55QNED86A6A,"Open Icecat Content License v1.4; on reuse: Specs Icecat link + AS IS disclaimer; registered account required; no ML training",2026-07-30,Exact SKU was not returned by the public Open Icecat endpoint
LG,OLED55B5RLA,55,https://www.lg.com/ru/televisions/lg-oled55b5rla,manufacturer_ru_product_page,no,,404,,,,,,https://live.icecat.biz/api/?shopname=openIcecat-live&lang=en&content=essentialinfo%2Cfeaturegroups&brand=LG&productcode=OLED55B5RLA,"Open Icecat Content License v1.4; on reuse: Specs Icecat link + AS IS disclaimer; registered account required; no ML training",2026-07-30,Exact SKU was not returned by the public Open Icecat endpoint
LG,OLED55C5RLA,55,https://www.lg.com/ru/televisions/lg-oled55c5rla,manufacturer_ru_product_page,no,,404,,,,,,https://live.icecat.biz/api/?shopname=openIcecat-live&lang=en&content=essentialinfo%2Cfeaturegroups&brand=LG&productcode=OLED55C5RLA,"Open Icecat Content License v1.4; on reuse: Specs Icecat link + AS IS disclaimer; registered account required; no ML training",2026-07-30,Exact SKU was not returned by the public Open Icecat endpoint
TCL,55C8L,55,https://www.tcl.com/ru/ru/tvs/55-inch-tv,manufacturer_ru_catalog_page,yes,55C8L,200,300x300,13.3,1226,710,56,https://live.icecat.biz/api/?shopname=openIcecat-live&lang=en&content=essentialinfo%2Cfeaturegroups&brand=TCL&productcode=55C8L,"Open Icecat Content License v1.4; on reuse: Specs Icecat link + AS IS disclaimer; registered account required; no ML training",2026-07-30,Exact brand and SKU match
TCL,55C7K,55,https://www.tcl.com/ru/ru/tvs/55-inch-tv,manufacturer_ru_catalog_page,yes,55C7K,200,300x300,13.3,1226,710,56,https://live.icecat.biz/api/?shopname=openIcecat-live&lang=en&content=essentialinfo%2Cfeaturegroups&brand=TCL&productcode=55C7K,"Open Icecat Content License v1.4; on reuse: Specs Icecat link + AS IS disclaimer; registered account required; no ML training",2026-07-30,Exact brand and SKU match
TCL,55C6K,55,https://www.tcl.com/ru/ru/tvs/55-inch-tv,manufacturer_ru_catalog_page,yes,55C6K,200,300x300,12.3,1229,713,57,https://live.icecat.biz/api/?shopname=openIcecat-live&lang=en&content=essentialinfo%2Cfeaturegroups&brand=TCL&productcode=55C6K,"Open Icecat Content License v1.4; on reuse: Specs Icecat link + AS IS disclaimer; registered account required; no ML training",2026-07-30,Exact brand and SKU match
TCL,55P8K,55,https://www.tcl.com/ru/ru/tvs/55-inch-tv,manufacturer_ru_catalog_page,yes,55P8K,200,300x300,11,1224,708,70,https://live.icecat.biz/api/?shopname=openIcecat-live&lang=en&content=essentialinfo%2Cfeaturegroups&brand=TCL&productcode=55P8K,"Open Icecat Content License v1.4; on reuse: Specs Icecat link + AS IS disclaimer; registered account required; no ML training",2026-07-30,Exact brand and SKU match
TCL,55P7K,55,https://www.tcl.com/ru/ru/tvs/55-inch-tv,manufacturer_ru_catalog_page,yes,55P7K,200,300x300,10.5,1224,708,70,https://live.icecat.biz/api/?shopname=openIcecat-live&lang=en&content=essentialinfo%2Cfeaturegroups&brand=TCL&productcode=55P7K,"Open Icecat Content License v1.4; on reuse: Specs Icecat link + AS IS disclaimer; registered account required; no ML training",2026-07-30,Exact brand and SKU match
Hisense,"55U7S PRO",55,https://ru.hisense.com/catalog/tvs/f/new_tv_diagonal-is-55/,manufacturer_ru_catalog_page,yes,"55U7S PRO",200,400x400,14.1,1226,714,52,https://live.icecat.biz/api/?shopname=openIcecat-live&lang=en&content=essentialinfo%2Cfeaturegroups&brand=Hisense&productcode=55U7S%20PRO,"Open Icecat Content License v1.4; on reuse: Specs Icecat link + AS IS disclaimer; registered account required; no ML training",2026-07-30,Exact brand and SKU match including the space before PRO
Hisense,55U77SL,55,https://ru.hisense.com/catalog/tvs/f/new_tv_diagonal-is-55/,manufacturer_ru_catalog_page,no,,404,,,,,,https://live.icecat.biz/api/?shopname=openIcecat-live&lang=en&content=essentialinfo%2Cfeaturegroups&brand=Hisense&productcode=55U77SL,"Open Icecat Content License v1.4; on reuse: Specs Icecat link + AS IS disclaimer; registered account required; no ML training",2026-07-30,Exact SKU was not returned by the public Open Icecat endpoint
Hisense,55U7S,55,https://ru.hisense.com/catalog/tvs/f/new_tv_diagonal-is-55/,manufacturer_ru_catalog_page,no,,404,,,,,,https://live.icecat.biz/api/?shopname=openIcecat-live&lang=en&content=essentialinfo%2Cfeaturegroups&brand=Hisense&productcode=55U7S,"Open Icecat Content License v1.4; on reuse: Specs Icecat link + AS IS disclaimer; registered account required; no ML training",2026-07-30,Exact SKU was not returned by the public Open Icecat endpoint
Hisense,55E77SL,55,https://ru.hisense.com/catalog/tvs/f/new_tv_diagonal-is-55/,manufacturer_ru_catalog_page,no,,404,,,,,,https://live.icecat.biz/api/?shopname=openIcecat-live&lang=en&content=essentialinfo%2Cfeaturegroups&brand=Hisense&productcode=55E77SL,"Open Icecat Content License v1.4; on reuse: Specs Icecat link + AS IS disclaimer; registered account required; no ML training",2026-07-30,Exact SKU was not returned by the public Open Icecat endpoint
Hisense,55E7S,55,https://ru.hisense.com/catalog/tvs/f/new_tv_diagonal-is-55/,manufacturer_ru_catalog_page,no,,404,,,,,,https://live.icecat.biz/api/?shopname=openIcecat-live&lang=en&content=essentialinfo%2Cfeaturegroups&brand=Hisense&productcode=55E7S,"Open Icecat Content License v1.4; on reuse: Specs Icecat link + AS IS disclaimer; registered account required; no ML training",2026-07-30,Exact SKU was not returned by the public Open Icecat endpoint
DEXP,32FKN1,32,https://www.dns-shop.ru/product/96a697c9b0eaed20/32-81-sm-televizor-dexp-32fkn1-cernyj/,brand_owner_retail_product_page,no,,404,,,,,,https://live.icecat.biz/api/?shopname=openIcecat-live&lang=en&content=essentialinfo%2Cfeaturegroups&brand=DEXP&productcode=32FKN1,"Open Icecat Content License v1.4; on reuse: Specs Icecat link + AS IS disclaimer; registered account required; no ML training",2026-07-30,DEXP is a DNS house brand; exact SKU was not returned by Open Icecat
DEXP,32HHS1,32,https://www.dns-shop.ru/product/9ca15e8bb0eaed20/32-81-sm-televizor-dexp-32hhs1-cernyj/,brand_owner_retail_product_page,no,,404,,,,,,https://live.icecat.biz/api/?shopname=openIcecat-live&lang=en&content=essentialinfo%2Cfeaturegroups&brand=DEXP&productcode=32HHS1,"Open Icecat Content License v1.4; on reuse: Specs Icecat link + AS IS disclaimer; registered account required; no ML training",2026-07-30,DEXP is a DNS house brand; exact SKU was not returned by Open Icecat
DEXP,55UCS1,55,https://www.dns-shop.ru/product/b0b5c717b0eaed20/55-139-sm-televizor-dexp-55ucs1-cernyj/,brand_owner_retail_product_page,no,,404,,,,,,https://live.icecat.biz/api/?shopname=openIcecat-live&lang=en&content=essentialinfo%2Cfeaturegroups&brand=DEXP&productcode=55UCS1,"Open Icecat Content License v1.4; on reuse: Specs Icecat link + AS IS disclaimer; registered account required; no ML training",2026-07-30,DEXP is a DNS house brand; exact SKU was not returned by Open Icecat
DEXP,65UCS1,65,https://www.dns-shop.ru/product/b2b291d6b0eaed20/65-164-sm-televizor-dexp-65ucs1-cernyj/,brand_owner_retail_product_page,no,,404,,,,,,https://live.icecat.biz/api/?shopname=openIcecat-live&lang=en&content=essentialinfo%2Cfeaturegroups&brand=DEXP&productcode=65UCS1,"Open Icecat Content License v1.4; on reuse: Specs Icecat link + AS IS disclaimer; registered account required; no ML training",2026-07-30,DEXP is a DNS house brand; exact SKU was not returned by Open Icecat
DEXP,U65D9000K,65,https://www.dns-shop.ru/product/6bf3c6a539fa3330/televizor-led-65-165-sm-dexp-u65d9000k-4k-ultrahd-3840x2160-smart-tv/,brand_owner_retail_product_page,no,,404,,,,,,https://live.icecat.biz/api/?shopname=openIcecat-live&lang=en&content=essentialinfo%2Cfeaturegroups&brand=DEXP&productcode=U65D9000K,"Open Icecat Content License v1.4; on reuse: Specs Icecat link + AS IS disclaimer; registered account required; no ML training",2026-07-30,DEXP is a DNS house brand; exact SKU was not returned by Open Icecat
