observed_rank,page,page_rank,market_product_id,brand,model_candidate,model_candidate_confidence,market_title,purchase_count,purchase_label,rating_value,rating_count,sponsored,currently_listed,already_in_catalog,catalog_model_id,catalog_model,market_url,observed_at
"1","1","1","1110223271","Hi","HT-32H01FB","high","Телевизор Hi HT-32H01FB","8900","8.9K купили","4.599999904632568","2728","true","true","false","","","https://market.yandex.ru/card/televizor-hi-ht-32h01fb/1110223271","2026-08-04T19:21:38.566Z"
"2","1","2","5446820981","BBK","24LEM-1047/TS2C","high","LED-телевизор BBK 24LEM-1047/TS2C, диагональ 24 дюйма, разрешение 1366х768, белый","159","159 купили","4.800000190734863","28","true","true","false","","","https://market.yandex.ru/card/led-televizor-bbk-24lem-1047ts2c-diagonal-24-dyuyma-razresheniye-1366kh768-belyy/5446820981","2026-08-04T19:21:38.566Z"
"3","1","3","95843083","Haier","S2","medium","Телевизор Haier 32"" LED S2, Smart TV, Android 11, Wi-Fi, Bluetooth, голосовой поиск, Full HD, черный","1500","1.5K купили","4.800000190734863","306","true","true","false","","","https://market.yandex.ru/card/televizor-haier-32-led-s2/95843083","2026-08-04T19:21:38.566Z"
"4","1","4","5735194159","Витязь","D24HN01BF","high","Телевизор Витязь D24HN01BF, черный","16","16 купили","4.199999809265137","5","true","true","false","","","https://market.yandex.ru/card/televizor-vityaz-d24hn01bf-chernyy/5735194159","2026-08-04T19:21:38.566Z"
"5","1","5","1827561750","STARWIND","SW-LED32BG200","high","Телевизор Starwind SW-LED32BG200 32"" LED, HD, черный","10900","10.9K купили","4.699999809265137","5449","true","true","false","","","https://market.yandex.ru/card/televizor-led-starwind-32-sw-led32bg200-60-gts-chernyy/1827561750","2026-08-04T19:21:38.566Z"
"6","1","6","5717719779","GENERAL ELECTRONICS","GE24LHN0","high","Телевизор General Electronics GE24LHN0","561","561 купили","4.699999809265137","118","true","true","false","","","https://market.yandex.ru/card/televizor-general-electronics-ge24lhn0/5717719779","2026-08-04T19:21:38.566Z"
"7","1","7","5769987456","Hisense","32E44SL","high","Телевизор 32 дюйма Hisense 32E44SL (2026) Смарт ТВ HD","1100","1.1K купили","4.900000095367432","181","true","true","false","","","https://market.yandex.ru/card/televizor-hisense-32e44sl/5769987456","2026-08-04T19:21:38.566Z"
"8","1","8","1388541761","SBER","SDX-32H3114","high","Умный телевизор Sber SDX-32H3114","2000","2K купили","4.800000190734863","582","true","true","false","","","https://market.yandex.ru/card/umnyy-televizor-sber-sdx-32h3114/1388541761","2026-08-04T19:21:38.566Z"
"9","2","1","5650604432","Hisense","32E55SL","high","Телевизор 32 дюйма Hisense 32E55SL (2026) Смарт ТВ HD","735","735 купили","4.800000190734863","100","true","true","false","","","https://market.yandex.ru/card/televizor-hisense-32e55sl/5650604432","2026-08-04T19:21:38.566Z"
"10","2","2","5602282654","artel","UA32H4101","high","Телевизор Artel UA32H4101","45","45 купили","4.900000095367432","12","true","true","false","","","https://market.yandex.ru/card/televizor-artel-ua32h4101/5602282654","2026-08-04T19:21:38.566Z"
"11","2","3","5798461774","BBK","32LEM-1075/TS2C","high","Телевизор BBK 32LEM-1075/TS2C (B) 32"" LED, HD, черный","36","36 купили","4.900000095367432","11","true","true","false","","","https://market.yandex.ru/card/televizor-bbk-32lem-1075ts2c-b-315-led-hd-50hz-chernyy/5798461774","2026-08-04T19:21:38.566Z"
"12","2","4","5803187162","Haier","50H5GUX/FX","high","Телевизор Haier 50H5GUX/FX, диагональ 50"", разрешение 4K, операционная система Google TV","1100","1.1K купили","4.699999809265137","145","true","true","false","","","https://market.yandex.ru/card/televizor-haier-50-50h5gfx-4k-uhd-3840--2160-google-tv-60-gts-232-gb/5803187162","2026-08-04T19:21:38.566Z"
"13","2","6","5880485218","BBK","32LEX-7244/TS2C","high","Телевизор со SMART TV BBK 32LEX-7244/TS2C W Яндекс. ТВ 32"" HD YaOS белый","142","142 купили","4.900000095367432","29","true","true","false","","","https://market.yandex.ru/card/televizor-bbk-32lex-7244ts2c-w-32-led-hd-belyy-smart-tv-yaos/5880485218","2026-08-04T19:21:38.566Z"
"14","2","7","5738925007","GENERAL ELECTRONICS","GE32LHN0","high","Телевизор General Electronics GE32LHN0","25","25 купили","4.800000190734863","4","true","true","false","","","https://market.yandex.ru/card/televizor-general-electronics-ge32lhn0/5738925007","2026-08-04T19:21:38.566Z"
"15","2","8","5714159428","SBER","SDX-43U5500DBA","high","Умный телевизор Sber SDX-43U5500DBA, 4K Ultra HD","768","768 купили","4.699999809265137","168","true","true","false","","","https://market.yandex.ru/card/umnyy-televizor-sber-sdx-43u5500dba/5714159428","2026-08-04T19:21:38.566Z"
"16","2","9","5878931879","BBK","40LEM-1030/FTS2C","high","LED телевизор BBK 40LEM-1030/FTS2C, 40"", Full HD, черный","370","370 купили","4.699999809265137","135","true","true","false","","","https://market.yandex.ru/card/led-televizor-bbk-40lem-1030fts2c-40-full-hd-chernyy/5878931879","2026-08-04T19:21:38.566Z"
"17","2","10","1915593419","TopDevice","TDHTV32GFD_BK","high","Телевизор 32 дюйма Topdevice Full HD, Smart TV Google TV, Wi-Fi, Bluetooth, VA, черный (TDHTV32GFD_BK)","2500","2.5K купили","4.599999904632568","1120","false","true","false","","","https://market.yandex.ru/card/televizor-topdevice-tv-32-full-hd-va-matritsa-smart-google-tv-wi-fi-bluetooth-51-chernyy-tdhtv32gfd_bk/1915593419","2026-08-04T19:21:38.566Z"
"18","2","11","5874737950","Витязь","D24HS01BF","high","Телевизор Витязь D24HS01BF, Салют ТВ, черный","21","21 купили","5","5","true","true","false","","","https://market.yandex.ru/card/televizor-vityaz-d24hs01bf-salyut-tv-chernyy/5874737950","2026-08-04T19:21:38.566Z"
"19","2","12","5909273078","TopDevice","TDHTV32GHD_BK","high","Телевизор 32 дюйма Topdevice Smart TV, HD, VA, Wi-Fi, Google TV, Bluetooth, TDHTV32GHD_BK","2500","2.5K купили","4.599999904632568","1120","true","true","false","","","https://market.yandex.ru/card/televizor-topdevice-tv-32-hd-va-matritsa-smart-google-tv-wi-fi-bluetooth-51-chernyy-tdhtv32ghd_bk/5909273078","2026-08-04T19:21:38.566Z"
"20","2","13","1866873835","DIGMA","DM-LED32SBB39","high","Телевизор Digma DM-LED32SBB39 32"" LED, HD, т. серебр, Смарт ТВ, Android","4400","4.4K купили","4.599999904632568","1976","true","true","false","","","https://market.yandex.ru/card/televizor-led-digma-android-tv-dm-led32sbb39-temno-serebristyy-serebristyy/1866873835","2026-08-04T19:21:38.566Z"
"21","2","14","1874979175","BBK","32LEX-7235/FTS2C","high","Телевизор BBK 32LEX-7235/FTS2C B Яндекс. ТВ 32"" Full HD Smart TV Wi-Fi Bluetooth черный","14","14 купили","5","2","true","true","false","","","https://market.yandex.ru/card/televizor-led-bbk-32-32lex-7235fts2c-b-yandeks-tv-chernyy-smart/1874979175","2026-08-04T19:21:38.566Z"
"22","2","15","5803059551","Haier","32H6GFG","high","Телевизор Haier 32"" 32H6GFG, FHD 1920 x 1080, Android TV, 60 Гц, 1\32 ГБ","625","625 купили","4.900000095367432","84","true","true","false","","","https://market.yandex.ru/card/televizor-haier-32-32h6gfg-fhd-1920-x-1080-android-tv-60-gts-132-gb/5803059551","2026-08-04T19:21:38.566Z"
"23","2","16","5799601865","Hi","HY-40F01FB","high","Телевизор Hi HY-40F01FB","1800","1.8K купили","4.5","604","true","true","false","","","https://market.yandex.ru/card/televizor-hi-hy-40f01fb/5799601865","2026-08-04T19:21:38.566Z"
"24","3","4","5843768957","TCL","V6C","high","Телевизор TCL 50"" V6C 4K HDR MEMC Google TV, Смарт ТВ, 50 дюймов","5900","5.9K купили","4.900000095367432","1495","false","true","false","","","https://market.yandex.ru/card/televizor-tcl-50-v6c-4k-hdr-google-tv/5843768957","2026-08-04T19:21:38.566Z"
"25","3","5","235327440","Samsung","UE32H5000FUXRU","high","32"" Телевизор Samsung UE32H5000FUXRU HD, смарт ТВ, Tizen OS, черный","","","","","false","true","false","","","https://market.yandex.ru/card/32-samsung-ue32h5000fuxru-full-hd-chernyy/235327440","2026-08-04T19:21:38.566Z"
"26","3","6","1078047596","SBER","SDX-32H3113","high","Умный телевизор Sber SDX-32H3113","170","170 купили","4.900000095367432","67","true","true","false","","","https://market.yandex.ru/card/televizor-sber-sdx-32h3113-smart-salyut-tv-158gb-bluetooth/1078047596","2026-08-04T19:21:38.566Z"
"27","3","7","6062302519","HYUNDAI","H-LED32BS5003","high","Телевизор Hyundai H-LED32BS5003 32"" LED, HD, черный, смарт ТВ, YaOS","357","357 купили","4.5","129","true","true","false","","","https://market.yandex.ru/card/32-televizor-hyundai-h-led32bs5003-hd-chernyy-smart-tv-yaos/6062302519","2026-08-04T19:21:38.566Z"
"28","3","10","5714129330","SBER","SDX-43F3000DBA","high","Телевизор SBER 43"" SDX-43F3000DBA, чёрный","","","","","true","true","false","","","https://market.yandex.ru/card/televizor-sber-43-sdx-43f3000dba-chernyy/5714129330","2026-08-04T19:21:38.566Z"
"29","3","12","5781553689","Hisense","55E77SL","high","Телевизор 55 дюймов Hisense 55E77SL (2026) Смарт ТВ 4К","3700","3.7K купили","4.800000190734863","597","true","true","true","hisense-55e77sl","55E77SL","https://market.yandex.ru/card/televizor-hisense-55e77sl/5781553689","2026-08-04T19:21:38.566Z"
"30","3","13","5717361236","LG","32LM55","high","Телевизор LG 32LM55 WeboS-SmarT FullHD, 32 дюйма, с голосовым управлением, чёрный","473","473 купили","4.599999904632568","136","false","true","false","","","https://market.yandex.ru/card/fullhd-32-lg-smart-tv---du-aeromysh---s-golosovym-upravleniyem/5717361236","2026-08-04T19:21:38.566Z"
"31","3","15","5107385175","Philips","50PUD7029","high","Телевизор Philips 50PUD7029, 4K, голосовое управление, чёрный","780","780 купили","4.699999809265137","234","true","true","false","","","https://market.yandex.ru/card/led-televizor-philips-50pud702971/5107385175","2026-08-04T19:21:38.566Z"
"32","3","16","1118845745","Haier","D1","medium","Телевизор HAIER 40 Smart TV D1 Full HD, Android TV, DBX-TV разрешение 1920х1080","31","31 купили","4.900000095367432","7","true","true","false","","","https://market.yandex.ru/card/televizor-haier-40-smart-tv-d1/1118845745","2026-08-04T19:21:38.566Z"
"33","4","1","882427625","Sunwind","SUN-LED65XU401","high","Телевизор SunWind SUN-LED65XU401 65"" LED, 4K Ultra HD, черный, смарт ТВ, YaOS","469","469 купили","4.599999904632568","210","true","true","false","","","https://market.yandex.ru/card/65-televizor-sunwind-sun-led65xu401-4k-ultra-hd-chernyy-smart-tv-yaos/882427625","2026-08-04T19:21:38.566Z"
"34","4","3","1432253833","Skyworth","43Q66H","high","43"" Телевизор SKYWORTH 43Q66H QLED+, 4K Ultra HD, смарт ТВ, Google TV, черный","","","","","true","true","false","","","https://market.yandex.ru/card/43-televizor-skyworth-43q66h-qled-4k-ultra-hd-smart-tv-google-tv-chernyy/1432253833","2026-08-04T19:21:38.566Z"
"35","4","6","5188818159","Xiaomi","TV S Pro Mini LED 75 2026","high","Телевизор Xiaomi TV S Pro Mini LED 75 2026, 4K 3840x2160, WIFI, Android TV","23","23 купили","5","2","false","true","false","","","https://market.yandex.ru/card/televizor-xiaomi-tv-s-pro-mini-led-75-2026-4k-3840x2160-wifi-android-tv/5188818159","2026-08-04T19:21:38.566Z"
"36","4","9","5926953647","Tuvio","TM75UFGCH52","high","75” Телевизор Tuvio 4К ULTRA HD MiniLED с сабвуфером на платформе Google TV, TM75UFGCH52, темно-серый","128","128 купили","4.699999809265137","41","false","true","false","","","https://market.yandex.ru/card/75-televizor-tuvio-4k-ultra-hd-miniled-s-saundvuferom-na-platforme-google-tv-tm75ufgch52-temno-seryy/5926953647","2026-08-04T19:21:38.566Z"
"37","4","11","6064011646","Skyworth","100Q79H","high","Телевизор SKYWORTH 100Q79H QLED+, 4K Ultra HD, смарт ТВ, Google TV, черный","","","","","true","true","false","","","https://market.yandex.ru/card/televizor-skyworth-100q79h-qled-4k-ultra-hd-smart-tv-google-tv-chernyy/6064011646","2026-08-04T19:21:38.566Z"
"38","4","12","1802429756","Xiaomi","TV A Pro","medium","Телевизор Xiaomi TV A Pro, диагональ 32"", разрешение 1366x768, черный","22","22 купили","5","7","true","true","false","","","https://market.yandex.ru/card/televizor-xiaomi-tv-a-pro-32-2026-kz/1802429756","2026-08-04T19:21:38.566Z"
"39","4","14","5754446042","TCL","55C6K","high","Телевизор TCL 55C6K, 55 дюйма, 4K Ultra HD, смарт ТВ, Google TV, черный","161","161 купили","4.800000190734863","64","true","true","true","tcl-55c6k","55C6K","https://market.yandex.ru/card/televizor-tcl-55c6k/5754446042","2026-08-04T19:21:38.566Z"
"40","4","15","1154464501","Skyworth","50Q66H","high","Телевизор SKYWORTH 50Q66H, QLED+, 4K Ultra HD, 120 Гц, HDR10+","","","","","true","true","false","","","https://market.yandex.ru/card/televizor-skyworth-50q66h-chernyy-qled-4k-ultra-hd-60-gts/1154464501","2026-08-04T19:21:38.566Z"
"41","4","16","1874335070","Candy","UNO 43 UHD","high","Телевизор Candy UNO 43 UHD, Диагональ 43"", 4K UHD, Android TV","53","53 купили","4.900000095367432","15","true","true","false","","","https://market.yandex.ru/card/televizor-candy-uno-43-uhd-diagonal-43-4k-uhd-android-tv/1874335070","2026-08-04T19:21:38.566Z"
"42","5","1","5909323732","TopDevice","TDHTV24Y1HD_BK","high","Телевизор 24 дюйма Topdevice Smart TV, HD, IPS, YaOS с Алисой, Wi-Fi, Bluetooth, TDHTV24Y1HD_BK","1200","1.2K купили","4.5","504","false","true","false","","","https://market.yandex.ru/card/televizor-topdevice-tv-24-hd-ips-matritsa-smart-yaos-wi-fi-bluetooth-51-chernyy-tdhtv24y1hd_bk/5909323732","2026-08-04T19:21:38.566Z"
"43","5","4","1210181779","TCL","V4C","high","Телевизор TCL 32"" V4C QLED HD HDR Google TV, Смарт ТВ, 32 дюйма","5900","5.9K купили","4.900000095367432","1495","false","true","false","","","https://market.yandex.ru/card/televizor-tcl-32-v4c-qled-hd-hdr-google-tv-smart-tv-32-dyuyma/1210181779","2026-08-04T19:21:38.566Z"
"44","5","8","1744194708","LG","50NANO81A6A","high","Телевизор LG 50NANO81A6A. ARUG","","","","","true","true","false","","","https://market.yandex.ru/card/televizor-lg-50nano81a6a-arug/1744194708","2026-08-04T19:21:38.566Z"
"45","5","12","1739996739","LG","32LQ63806LC","high","Телевизор LG 32LQ63806LC. ARUG, 32 дюйма, Full HD, смарт ТВ, WebOS, белый","14","14 купили","5","6","true","true","false","","","https://market.yandex.ru/card/televizor-lg-32lq63806lc-arug/1739996739","2026-08-04T19:21:38.566Z"
"46","6","2","4854117316","Tuvio","TD50UFBHH12","high","50” Телевизор Tuvio 4K ULTRA HD DLED Frameless на платформе YaOS, TD50UFBHH12, черный","33800","33.8K купили","4.699999809265137","8138","false","true","false","","","https://market.yandex.ru/card/50-televizor-tuvio-4k-ultra-hd-dled-frameless-na-platforme-yaos-td50ufbhh12-chernyy/4854117316","2026-08-04T19:21:38.566Z"
"47","6","5","5691292305","LG","32LM57","high","Телевизор LG 32LM57 WeboS-Smart, голосовое управление, диагональ 32"", чёрный","139","139 купили","4.400000095367432","23","false","true","false","","","https://market.yandex.ru/card/televizor-lg-32lm55-webos-smart-golosovoye-upravleniye-diagonal-32-chernyy/5691292305","2026-08-04T19:21:38.566Z"
"48","6","7","5444518205","LG","43LM55","high","Телевизор LG 43LM55 WeboS-Smart, голосовое управление, диагональ 43""","281","281 купили","4.300000190734863","76","false","true","false","","","https://market.yandex.ru/card/televizor-lg-43lm55-webos-smart-golosovoye-upravleniye-diagonal-43/5444518205","2026-08-04T19:21:38.566Z"
"49","7","1","5880994338","Hisense","32A4S","high","Телевизор Hisense 32A4S RU 2026, Smart TV, VA, 60 Гц, HD, Wi-Fi, Bluetooth","17","17 купили","5","2","false","true","false","","","https://market.yandex.ru/card/televizor-hisense-32a4s-ru/5880994338","2026-08-04T19:21:38.566Z"
"50","7","10","5485346034","Tuvio","TD32HFBCH12","high","32” Телевизор Tuvio HD-ready DLED Frameless на платформе YaOS, TD32HFBCH12, черный","2800","2.8K купили","4.800000190734863","325","false","true","false","","","https://market.yandex.ru/card/32-televizor-tuvio-hd-ready-dled-frameless-na-platforme-yaos-td32hfbch12-chernyy/5485346034","2026-08-04T19:21:38.566Z"
"51","7","12","1568795033","Tuvio","TQ65UFGHH13","high","65” Телевизор Tuvio 4К ULTRA HD QLED Frameless на платформе YaOS, TQ65UFGHH13","5900","5.9K купили","4.599999904632568","1734","false","true","false","","","https://market.yandex.ru/card/65-televizor-tuvio-4k-ultra-hd-qled-frameless-na-platforme-yaos-tq65ufghh13-temno-seryy/1568795033","2026-08-04T19:21:38.566Z"
"52","8","5","1772449253","STARWIND","SW-LED40SG300","high","Телевизор Starwind SW-LED40SG300 40"" LED, FULL HD, черный, смарт ТВ, YaOS","10900","10.9K купили","4.699999809265137","5449","true","true","false","","","https://market.yandex.ru/card/televizor-led-starwind-40-sw-led40sg300-smart-yandeks-tv-frameless-chernyyfull-hddvb-t60hzdvb-t2/1772449253","2026-08-04T19:21:38.566Z"
"53","8","11","1567817558","Samsung","QE85QEF1AUXRU","high","85"" Телевизор Samsung QE85QEF1AUXRU AI QLED 4K 2025, Smart TV, cерый титан","1700","1.7K купили","4.699999809265137","409","false","true","false","","","https://market.yandex.ru/card/85-televizor-samsung-ai-qled-4k-qef1-smart-tv-3840x2160-seryy-titan/1567817558","2026-08-04T19:21:38.566Z"
"54","8","14","5699921748","BQ","32F40B","high","Телевизор BQ BQ 32F40B","44","44 купили","4.699999809265137","9","false","true","false","","","https://market.yandex.ru/card/televizor-bq-bq-32f40b/5699921748","2026-08-04T19:21:38.566Z"
"55","9","3","5239148260","SKYWORTH","43Q67H","high","Телевизор SKYWORTH 43Q67H, QLED+, 4K Ultra HD, 120 Гц, HDR10+","","","","","true","true","false","","","https://market.yandex.ru/card/televizor-skyworth-q67h-prosmotr-s-polnym-pogruzheniyem-kachestvennoye-izobrazheniye/5239148260","2026-08-04T19:21:38.566Z"
"56","9","9","5770051995","Hisense","43E66SL","high","Телевизор 43 дюйма Hisense 43E66SL (2026) Смарт ТВ 4К","1200","1.2K купили","4.800000190734863","312","true","true","false","","","https://market.yandex.ru/card/televizor-hisense-43e66sl/5770051995","2026-08-04T19:21:38.566Z"
"57","9","12","5770253397","Hisense","50E77SL","high","Телевизор 50 дюймов Hisense 50E77SL PRO (2026) Смарт ТВ 4К","718","718 купили","4.800000190734863","179","false","true","false","","","https://market.yandex.ru/card/televizor-hisense-50e77sl-pro/5770253397","2026-08-04T19:21:38.566Z"
"58","9","13","5227027558","RAZZ","HH24H25F","high","Телевизор Razz HH24H25F","11","11 купили","5","3","false","true","false","","","https://market.yandex.ru/card/televizor-razz-hh24h25f-24hd/5227027558","2026-08-04T19:21:38.566Z"
"59","9","14","5878700647","Haier","H1","medium","Телевизор Haier 50 LED H1, 4K UHD, HDR10, Android TV, Smart TV, evo tv","290","290 купили","4.800000190734863","104","false","true","false","","","https://market.yandex.ru/card/televizor-haier-50-led-h1/5878700647","2026-08-04T19:21:38.566Z"
"60","9","16","101535739","BBK","24LEM-1032/TS2C","high","Телевизор BBK 24LEM-1032/TS2C (B) 24"" LED, HD, черный","64","64 купили","4.5","14","true","true","false","","","https://market.yandex.ru/card/televizor-bbk-24lem-1032ts2c-b-24-led-hd-chernyy/101535739","2026-08-04T19:21:38.566Z"
"61","10","1","5020185375","Tuvio","TD55UFBTH51","high","55” Телевизор Tuvio 4К ULTRA HD DLED Frameless на платформе Google TH, TD55UFBTH51, черный","945","945 купили","4.699999809265137","111","false","true","false","","","https://market.yandex.ru/card/55-televizor-tuvio-4k-ultra-hd-dled-frameless-na-platforme-google-th-td55ufbth51-chernyy/5020185375","2026-08-04T19:21:38.566Z"
"62","10","3","5633566305","Smart","","low","Телевизор Smart TV Full HD 4k 32 дюйма, пульт-аэромышь с голосовым управлением, черный","2","2 купили","5","1","false","true","false","","","https://market.yandex.ru/card/televizor-smart-tv-full-hd-4k-32-dyuyma-pult-aeromysh-s-golosovym-upravleniyem-chernyy/5633566305","2026-08-04T19:21:38.566Z"
"63","10","5","1821811994","TCL","Q6CS","high","Телевизор TCL 55"" Q6CS QD-Mini LED 4K HDR Google TV, Смарт ТВ, 55 дюймов","12800","12.8K купили","4.800000190734863","3150","false","true","false","","","https://market.yandex.ru/card/televizor-tcl-55-q6cs-qd-mini-led-4k-hdr-google-tv/1821811994","2026-08-04T19:21:38.566Z"
"64","10","11","5778499426","GENERAL ELECTRONICS","GE50LUS2","high","Телевизор General Electronics GE50LUS2","57","57 купили","4.5","10","false","true","false","","","https://market.yandex.ru/card/televizor-general-electronics-ge50lus2/5778499426","2026-08-04T19:21:38.566Z"
"65","10","12","5729232526","Tuvio","TD43UFBHH13","high","43” Телевизор Tuvio 4К ULTRA HD DLED Frameless на платформе YaOS, TD43UFBHH13, черный","33800","33.8K купили","4.699999809265137","8138","false","true","false","","","https://market.yandex.ru/card/43-televizor-tuvio-4k-ultra-hd-dled-frameless-na-platforme-yaos-td43ufbhh13-chernyy/5729232526","2026-08-04T19:21:38.566Z"
"66","10","13","1173736160","Hi","HX-24H01FB","high","Телевизор Hi HX-24H01FB","1400","1.4K купили","4.5","509","false","true","false","","","https://market.yandex.ru/card/televizor-hi-hx-24h01fb/1173736160","2026-08-04T19:21:38.566Z"
"67","10","14","5747044129","Xiaomi","TV A Pro 55 2026 55""","high","Телевизор Xiaomi TV A Pro 55 2026 55"", 3840x2160, QLED, Wi-Fi, Android TV","105","105 купили","4.800000190734863","11","false","true","false","","","https://market.yandex.ru/card/televizor-xiaomi-tv-a-pro-2026-55-3840x2160-qled-wi-fi-android-tv/5747044129","2026-08-04T19:21:38.566Z"
"68","11","1","1573087485","Leff","24F690T","high","Телевизор Leff 24F690T, 24"", Full HD, SMART TV, Bluetooth, Wi-Fi, экосистема Sber","8","8 купили","4.300000190734863","3","false","true","false","","","https://market.yandex.ru/card/televizor-leff-24f690t-24-full-hd-smart-tv-bluetooth-wi-fi-ekosistema-sber/1573087485","2026-08-04T19:21:38.566Z"
"69","11","3","4854117332","Tuvio","TD24HBCH11","high","24” Телевизор Tuvio HD-ready DLED на платформе YaOS, TD24HBCH11, черный","10300","10.3K купили","4.699999809265137","1521","false","true","false","","","https://market.yandex.ru/card/24-televizor-tuvio-hd-ready-dled-na-platforme-yaos-td24hbch11-chernyy/4854117332","2026-08-04T19:21:38.566Z"
"70","11","4","4939838850","SBER","SDX-32H3114","high","Телевизор Sber SDX-32H3114","549","549 купили","4.800000190734863","142","false","true","false","","","https://market.yandex.ru/card/televizor-sber-sdx-32h3114/4939838850","2026-08-04T19:21:38.566Z"
"71","11","5","1563974817","LC-ThinQ","FHD-43","high","LC-ThinQ AI & Magic Remote Smart TV FHD-43 - ДУ Аэромышь - с голосовым управлением.","67","67 купили","4.5","27","false","true","false","","","https://market.yandex.ru/card/lg-thinq-ai--magic-remote-smart-tv-fhd-43---du-aeromysh---s-golosovym-upravleniyem/1563974817","2026-08-04T19:21:38.566Z"
"72","11","6","5719401357","SBER","SDX-43U5500DBA","high","43"" Телевизор SBER SDX-43U5500DBA 4K Ultra HD, смарт ТВ, Салют ТВ, черный","","","","","false","true","false","","","https://market.yandex.ru/card/43-sber-sdx-43u5500dba-4k-ultra-hd-smart-tv-chernyy/5719401357","2026-08-04T19:21:38.566Z"
"73","11","8","1373440508","Hi","HX-43F01FB","high","Телевизор Hi HX-43F01FB","1400","1.4K купили","4.400000095367432","522","false","true","false","","","https://market.yandex.ru/card/televizor-hi-hx-43f01fb/1373440508","2026-08-04T19:21:38.566Z"
"74","11","10","4854117324","Tuvio","TM85UFBCH51","high","85” Телевизор Tuvio 4К ULTRA HD MiniLED Frameless на платформе Google TV, TM85UFBCH51, черный","831","831 купили","4.800000190734863","233","false","true","false","","","https://market.yandex.ru/card/85-televizor-tuvio-4k-ultra-hd-miniled-frameless-na-platforme-google-tv-tm85ufbcv51-chernyy/4854117324","2026-08-04T19:21:38.566Z"
"75","11","13","1813039169","SkyLine","43LST6575","high","Смарт телевизор 43 дюйма с wi-fi с Алисой SKYLINE 43LST6575 / FULL HD / черный","403","403 купили","4.599999904632568","212","false","true","false","","","https://market.yandex.ru/card/televizor-skyline-43lst6575-smart-yandeks-tv-chernyy/1813039169","2026-08-04T19:21:38.566Z"
"76","11","14","5083570802","Hi","HS-32F01FB","high","Телевизор Hi HS-32F01FB, 32 дюйма, Full HD, Салют ТВ, чёрный","1100","1.1K купили","4.599999904632568","342","false","true","false","","","https://market.yandex.ru/card/televizor-hi-hs-32f01fb/5083570802","2026-08-04T19:21:38.566Z"
"77","11","15","113334201","Leff","24H690T","high","Телевизор Leff 24H690T 24"" HD 1366 x 768, 60 Гц, Smart TV (Салют ТВ)","5","5 купили","5","1","false","true","false","","","https://market.yandex.ru/card/televizor-leff-24h690t-diagonal-24-razresheniye-720r-smart-salyut-tv/113334201","2026-08-04T19:21:38.566Z"
"78","11","16","5296615915","SBER","SDX-32F3112","high","Телевизор Sber SDX-32F3112, FHD, смарт (Салют)","","","","","false","true","false","","","https://market.yandex.ru/card/televizor-sber-sdx-32f3112-fhd-smart-salyut/5296615915","2026-08-04T19:21:38.566Z"
"79","12","1","5778497339","GENERAL ELECTRONICS","GE40LFN0","high","Телевизор General Electronics GE40LFN0","11","11 купили","4.800000190734863","4","false","true","false","","","https://market.yandex.ru/card/televizor-general-electronics-ge40lfn0/5778497339","2026-08-04T19:21:38.566Z"
"80","12","3","5783398014","BBK","24LEM-1045/TS2C","high","Телевизор BBK 24LEM-1045/TS2C (W) HD, диагональ 24"", белый цвет.","","","","","false","true","false","","","https://market.yandex.ru/card/bbk-24lem-1045ts2c-belyy/5783398014","2026-08-04T19:21:38.566Z"
"81","12","5","5717516735","JE","android tv 24 smart televizor","high","Телевизор JE Android Smart TV, диагональ 24"", разрешение 1280 x 720, поддержка Wi-Fi","8","8 купили","5","1","false","true","false","","","https://market.yandex.ru/card/je-android-tv-24-smart-televizor/5717516735","2026-08-04T19:21:38.566Z"
"82","12","8","5150300466","SUPRA","STV-LC24ST0080W","high","Телевизор Supra STV-LC24ST0080W, Android TV, черный","2","2 купили","2","1","false","true","false","","","https://market.yandex.ru/card/supra-televizor-stv-lc24st0080w-chernyy/5150300466","2026-08-04T19:21:38.566Z"
"83","12","11","1136791785","Hi","HY-24H01FW","high","Телевизор Hi HY-24H01FW","637","637 купили","4.699999809265137","205","false","true","false","","","https://market.yandex.ru/card/televizor-hi-hy-24h01fw/1136791785","2026-08-04T19:21:38.566Z"
"84","13","5","5782142199","Yasin","32E9000","high","Телевизор смарт Yasin 32E9000, Android TV, Bluetooth, Wi-F, диагональ 32"", разрешение HD","22","22 купили","4.300000190734863","6","false","true","false","","","https://market.yandex.ru/card/televizor-smart-yasin-32e9000-android-tv-bluetooth-wi-f-diagonal-32-razresheniye-hd/5782142199","2026-08-04T19:21:38.566Z"
"85","13","8","1340176712","TCL","T8D","high","Телевизор TCL 55"" T8D QLED 144 Гц 4K HDR Google TV, Смарт ТВ, 55 дюймов","3400","3.4K купили","4.900000095367432","990","false","true","false","","","https://market.yandex.ru/card/televizor-tcl-55-t8d-qled-144-gts-4k-hdr-google-tv-smart-tv-55-dyuymov/1340176712","2026-08-04T19:21:38.566Z"
"86","13","10","5803078432","Haier","H55K85GUX","high","Телевизор Haier 55"" H55K85GUX, 4K UHD 3840 × 2160, Google TV, 60 Гц, 2\32 ГБ","81","81 купили","4.800000190734863","11","false","true","false","","","https://market.yandex.ru/card/televizor-haier-55-h55k85gux-4k-uhd-3840--2160-google-tv-60-gts-232-gb/5803078432","2026-08-04T19:21:38.566Z"
"87","13","11","1865218254","BBK","32LEX-7235/FTS2C","high","Телевизор BBK 32LEX-7235/FTS2C B Яндекс. ТВ 32"" Full HD Smart TV Wi-Fi Bluetooth черный","20","20 купили","3","1","false","true","false","","","https://market.yandex.ru/card/televizor-bbk-32lex-7235fts2c-b-32-led-full-hd-chernyy-smart-tv-yaos/1865218254","2026-08-04T19:21:38.566Z"
"88","13","14","5815811859","Смарт","телевизор 26 дюймов с","high","Смарт телевизор 26 дюймов с Wi-Fi Android","8","8 купили","4.300000190734863","3","false","true","false","","","https://market.yandex.ru/card/smart-televizor-26-dyuymov-s-wi-fi-android/5815811859","2026-08-04T19:21:38.566Z"
"89","13","16","5709175315","TCL","50P7L","high","Телевизор TCL 50P7L, диагональ 50 дюймов, разрешение 4К, QLED, черный","229","229 купили","4.800000190734863","78","false","true","false","","","https://market.yandex.ru/card/tcl-televizor-50p7l-50-4k-uhd-chernyy/5709175315","2026-08-04T19:21:38.566Z"
"90","14","1","5879932855","BBK","43LEX-7247/FTS2C","high","Телевизор BBK 43LEX-7247/FTS2C W Яндекс. ТВ 43"" Full HD Smart TV Wi-Fi Bluetooth белый","","","","","false","true","false","","","https://market.yandex.ru/card/43-televizor-bbk-43lex-7247fts2c-w-full-hd-belyy-smart-tv-yaos/5879932855","2026-08-04T19:21:38.566Z"
"91","14","2","5190478149","Haier","S2","medium","Телевизор Haier 32 LED S2","14","14 купили","5","3","false","true","false","","","https://market.yandex.ru/card/televizor-haier-32-led-s2/5190478149","2026-08-04T19:21:38.566Z"
"92","14","3","4850022588","BBK","42LEM-1016/FTS2C","high","Телевизор BBK 42LEM-1016/FTS2C (B) 42"" LED, FULL HD, черный","15","15 купили","4","6","false","true","false","","","https://market.yandex.ru/card/televizor-led-bbk-42-42lem-1016fts2c-b-chernyy/4850022588","2026-08-04T19:21:38.566Z"
"93","14","4","5565322352","Doffler","24LH15","high","Телевизор DOFFLER 24LH15","8","8 купили","3.700000047683716","3","false","true","false","","","https://market.yandex.ru/card/televizor-doffler-24lh15/5565322352","2026-08-04T19:21:38.566Z"
"94","14","7","5704774367","GENERAL ELECTRONICS","GE50LQY2","high","Телевизор General Electronics GE50LQY2","54","54 купили","4.900000095367432","7","false","true","false","","","https://market.yandex.ru/card/televizor-general-electronics-ge50lqy2/5704774367","2026-08-04T19:21:38.566Z"
"95","14","9","1093227948","Smart","TV - Безрамочный экран - ДУ Аэромышь - с голосовым управлением 32""","high","Телевизор с WEB OS и LG-ThinQ AL Smart TV - Безрамочный экран - ДУ Аэромышь - с голосовым управлением 32"" Full HD, черный","98","98 купили","4.699999809265137","36","false","true","false","","","https://market.yandex.ru/card/televizor-smart-tv-premium-32-tizen-2024-analog-samsung-s-stilnym-bezramochnym-ekranom-i-s-golosovym-upravleniyem-32-full-hd-chernyy/1093227948","2026-08-04T19:21:38.566Z"
"96","14","10","1724895801","HARPER","24R470T","high","Телевизор 24 дюйма без смарт / DVB-T и DVB-T2 / диагональ 24"" / Гарантия 2 года Harper 24R470T, черный","362","362 купили","4.599999904632568","163","false","true","false","","","https://market.yandex.ru/card/hd-televizor--dvb-t-i-dvb-t2--diagonal-24-harper-24r470t-chernyy/1724895801","2026-08-04T19:21:38.566Z"
"97","14","11","1431279234","AKAI","TA32BH500","high","Телевизор LED Akai TA32BH500, Smart TV (Android), Bluetooth, черный","","","","","false","true","false","","","https://market.yandex.ru/card/televizor-akai-ta32bh500-32-dyuyma-hd-smart-tv-android-13-chernyy/1431279234","2026-08-04T19:21:38.566Z"
"98","14","12","1418435475","Xiaomi","TV S Pro Mini LED 55 2026","high","Телевизор XIAOMI TV S Pro Mini LED 55 2026 4K HDR10+ Dolby Atmos","15","15 купили","4.300000190734863","3","false","true","false","","","https://market.yandex.ru/card/televizor-xiaomi-tv-s-pro-mini-led-55-2026-4k-hdr10-dolby-atmos/1418435475","2026-08-04T19:21:38.566Z"
"99","14","13","5729222271","Tuvio","TD50UFBHH11","high","50” Телевизор Tuvio 4К ULTRA HD DLED Frameless на платформе YaOS, TD50UFBHH11","3500","3.5K купили","4.800000190734863","1069","false","true","false","","","https://market.yandex.ru/card/50-televizor-tuvio-4k-ultra-hd-dled-frameless-na-platforme-yaos-td50ufbhh11-chernyy/5729222271","2026-08-04T19:21:38.566Z"
"100","14","15","5891562672","","19-дюймовый","high","19-дюймовый ультратонкий HD-телевизор, поддерживает антенну T2, подходит для дома, тренажерного зала, караоке или бара, поддерживает Wi-Fi","","","","","false","true","false","","","https://market.yandex.ru/card/19-dyuymovyy-ultratonkiy-hd-televizor-podderzhivayet-antennu-t2-podkhodit-dlya-doma-trenazhernogo-zala-karaoke-ili-bara-podderzhivayet-wi-fi/5891562672","2026-08-04T19:21:38.566Z"
"101","14","16","1563910346","ThinQ","AI 32"" - ДУ Аэромышь","high","ThinQ AI 32"" - ДУ Аэромышь (Указка) - с голосовым управлением и безрамочный экраном.","8","8 купили","5","2","false","true","false","","","https://market.yandex.ru/card/thinq-ai-32---du-aeromysh-ukazka---s-golosovym-upravleniyem-i-bezramochnyy-ekranom/1563910346","2026-08-04T19:21:38.566Z"
"102","15","1","882566140","XPX","12В","high","Телевизор на кухню, в авто 12В, Смарт ТВ, DVB-T2, 17.1""(42.5см) FULL HD","228","228 купили","4.099999904632568","66","false","true","false","","","https://market.yandex.ru/card/televizor-na-kukhnyu-v-avto-12v-smart-tv-dvb-t2-171425sm-full-hd/882566140","2026-08-04T19:21:38.566Z"
"103","15","5","1777919657","Asano","32LH1110T","high","Телевизор Asano 32LH1110T, 32 дюйма, HD, 1366x768, LED подсветка, черный","","","","","true","true","false","","","https://market.yandex.ru/card/televizor-asano-32lh1110t/1777919657","2026-08-04T19:21:38.566Z"
"104","15","6","608255948","Samsung","UE55DU7100U","high","55"" Телевизор Samsung UE55DU7100U 4K, HDR RU, Tizen Smart TV","26","26 купили","4.699999809265137","13","false","true","false","","","https://market.yandex.ru/card/55-televizor-samsung-ue55du7100u-4k-hdr-ru/608255948","2026-08-04T19:21:38.566Z"
"105","15","8","329279021","HARPER","32R670T","high","Телевизор 32 дюйма без смарт Harper 32R670T / DVB-T/T2 / 32 дюйма / Гарантия 2 года , черный","256","256 купили","4.699999809265137","110","false","true","false","","","https://market.yandex.ru/card/televizor-harper-32r670t/329279021","2026-08-04T19:21:38.566Z"
"106","15","9","1567112175","KONKA","KT50-Q682WB","high","KONKA Телевизор смарт тв 50 дюймов KT50-Q682WB 50"" 4K UHD QLED","242","242 купили","4.900000095367432","92","false","true","false","","","https://market.yandex.ru/card/konka-televizor-smart-tv-50-dyuymov-kt50-q682wb-50-4k-uhd-qled/1567112175","2026-08-04T19:21:38.566Z"
"107","15","13","721451696","HARPER","43F670TS","high","Телевизор Harper 43F670TS, 43 дюйма, разрешение 1920х1080, черный","6","6 купили","3.799999952316284","6","false","true","false","","","https://market.yandex.ru/card/televizor-harper-43f670ts/721451696","2026-08-04T19:21:38.566Z"
"108","15","14","1871650085","STARWIND","SW-LED24SG304","high","Телевизор LED Starwind 24 SW-LED24SG304 Яндекс. ТВ Slim Design черный/черный HD 60Hz DVB-T DVB-T2 DVB","7","7 купили","5","2","false","true","false","","","https://market.yandex.ru/card/televizor-led-starwind-24-sw-led24sg304-yandeks-tv-slim-design-chernyychernyy-hd-60hz-dvb-t-dvb-t2-dvb/1871650085","2026-08-04T19:21:38.566Z"
"109","15","15","1474509177","Haier","S2","medium","Телевизор Haier Телевизор Haier 43 LED S2 на базе Android 11, 43","6","6 купили","5","2","false","true","false","","","https://market.yandex.ru/card/televizor-haier-43-led-s2/1474509177","2026-08-04T19:21:38.566Z"
"110","16","4","5729299185","Tuvio","TD100UFBHH12","high","100” Телевизор Tuvio 4К ULTRA HD DLED Frameless на платформе YaOS, TD100UFBHH12","36","36 купили","5","8","false","true","false","","","https://market.yandex.ru/card/100-televizor-tuvio-4k-ultra-hd-dled-frameless-na-platforme-yaos-td100ufbhh12-chernyy/5729299185","2026-08-04T19:21:38.566Z"
"111","16","6","5758718287","HYUNDAI","H-LED40BS5011","high","Телевизор LED Hyundai H-LED40BS5011, диагональ 40"", разрешение 1920 x 1080","19","19 купили","4.300000190734863","9","false","true","false","","","https://market.yandex.ru/card/televizor-led-hyundai-40-h-led40bs5011-smart-google-tv-frameless-metal-chernyyfull-hddvb-t60hzdv/5758718287","2026-08-04T19:21:38.566Z"
"112","16","9","5851317479","TCL","Q7D","high","Телевизор TCL 65"" Q7D RGB-Mini LED 144 Гц 4K HDR Google TV, Смарт ТВ, 65 дюймов","2300","2.3K купили","4.900000095367432","523","false","true","false","","","https://market.yandex.ru/card/televizor-tcl-65-q7d-rgb-mini-led-144-gts-4k-hdr-google-tv-smart-tv-65-dyuymov/5851317479","2026-08-04T19:21:38.566Z"
"113","17","1","5673344861","Asano","24LF1210T","high","Телевизор ASANO 24LF1210T 24"" DLED FHD, черный","","","","","false","true","false","","","https://market.yandex.ru/card/televizor-asano-24lf1210t-24-dled-fhd-chernyy/5673344861","2026-08-04T19:21:38.566Z"
"114","17","3","5810312024","BBK","32LEM-1045/TS2C","high","ЖК-телевизор BBK 32LEM-1045/TS2C (W) белый, LED 32"" HD 60Hz USB (RUS)","","","","","false","true","false","","","https://market.yandex.ru/card/zhk-televizor-bbk-32lem-1045ts2c-w-belyy-led-32-hd-60hz-usb-rus/5810312024","2026-08-04T19:21:38.566Z"
"115","17","8","5829371587","Candy","Телевизор 32 дюйма","high","Candy Телевизор 32 дюйма, Smart TV, DLED, FHD","636","636 купили","4.699999809265137","209","false","true","false","","","https://market.yandex.ru/card/candy-televizor-32-dyuyma-smart-tv-dled-fhd/5829371587","2026-08-04T19:21:38.566Z"
"116","17","9","5145016589","BBK","24LEM-1033/TS2C","high","Телевизор BBK 24LEM-1033/TS2C (B) 24"" LED, HD, черный","18","18 купили","4.599999904632568","5","false","true","false","","","https://market.yandex.ru/card/televizor-led-bbk-236-24lem-1033ts2c-b-frameless-chernyy/5145016589","2026-08-04T19:21:38.566Z"
"117","17","10","5857304311","","19-дюймовый","high","19-дюймовый ультратонкий HD-телевизор, поддерживает антенну T2, подходит для дома, тренажерного зала, караоке или бара, поддерживает Wi-Fi","3","3 купили","5","2","false","true","false","","","https://market.yandex.ru/card/19-dyuymovyy-ultratonkiy-hd-televizor-podderzhivayet-antennu-t2-podkhodit-dlya-doma-trenazhernogo-zala-karaoke-ili-bara-podderzhivayet-wi-fi/5857304311","2026-08-04T19:21:38.566Z"
"118","17","12","5059787472","Candy","Uno 32""","high","Телевизор Candy Uno 32"", разрешение HD, Android TV, Wi-Fi, Bluetooth, черный","","","","","false","true","false","","","https://market.yandex.ru/card/televizor-candy-uno-32-razresheniye-hd-android-tv-wi-fi-bluetooth-chernyy/5059787472","2026-08-04T19:21:38.566Z"
"119","17","15","1739996272","LG","32LQ630B6LA","high","Телевизор LG 32LQ630B6LA","3","3 купили","5","1","false","true","false","","","https://market.yandex.ru/card/32-televizor-lg-32lq630b6la-2022-ips-chernoye-steklo/1739996272","2026-08-04T19:21:38.566Z"
"120","18","4","663358007","HARPER","40F720T","high","Телевизор Harper 40F720T, 1920x1080 (FullHD), 250 Кд/м2 , черный","22","22 купили","4.800000190734863","9","false","true","false","","","https://market.yandex.ru/card/televizor-harper-40f720t/663358007","2026-08-04T19:21:38.566Z"
"121","19","1","5810253465","Hisense","85E7S","high","ЖК-телевизор 85"" Hisense 85E7S, QLED, 4K Ultra HD, смарт ТВ, черный","","","","","false","true","false","","","https://market.yandex.ru/card/zhk-televizor-85-hisense-85e7s-chernyy/5810253465","2026-08-04T19:21:38.566Z"
"122","19","2","5718479093","SBER","SDX-43U5500DBA","high","Умный телевизор Sber SDX-43U5500DBA, 4K Ultra HD, Салют ТВ, черный","2","2 купили","5","1","false","true","false","","","https://market.yandex.ru/card/umnyy-televizor-sber-sdx-43u5500dba-4k-ultra-hd-salyut-tv-chernyy/5718479093","2026-08-04T19:21:38.566Z"
"123","19","3","1334465032","Hi","HX-32H01FB","high","Телевизор Hi HX-32H01FB","757","757 купили","4.699999809265137","307","false","true","false","","","https://market.yandex.ru/card/televizor-hi-hx-32h01fb/1334465032","2026-08-04T19:21:38.566Z"
"124","19","4","1963169709","LG","32LQ63006LA","high","Телевизор LED LG 32"" 32LQ63006LA. ARUG черный FULL HD 60Hz DVB-T DVB-T2 DVB-C DVB-S DVB-S2 USB WiFi Smart TV","","","","","false","true","false","","","https://market.yandex.ru/card/televizor-led-lg-32-32lq63006la-arug-chernyy-full-hd-60hz-dvb-t-dvb-t2-dvb-c-dvb-s-dvb-s2-wifi-smart-tv/1963169709","2026-08-04T19:21:38.566Z"
"125","19","5","6030758680","Leff","32H690T","high","Телевизор LEFF 32H690T HD SMART TV Салют","","","","","false","true","false","","","https://market.yandex.ru/card/televizor-leff-32h690t-hd-smart-tv-salyut/6030758680","2026-08-04T19:21:38.566Z"
"126","19","6","5208036848","SBER","SDX-32F2139","high","32"" Умный телевизор SBER SDX-32F2139, FULL HD, черный, смарт ТВ, Салют ТВ","","","","","false","true","false","","","https://market.yandex.ru/card/32-umnyy-televizor-sber-sdx-32f2139-full-hd-chernyy-smart-tv-salyut-tv/5208036848","2026-08-04T19:21:38.566Z"
"127","19","7","5643921334","HYUNDAI","H-LED32BS5003","high","32"" Телевизор Hyundai H-LED32BS5003, HD, черный, смарт ТВ, YaOS","","","","","false","true","false","","","https://market.yandex.ru/card/32-televizor-hyundai-h-led32bs5003-hd-chernyy-smart-tv-yaos/5643921334","2026-08-04T19:21:38.566Z"
"128","19","9","1353617538","Sony","K-75XR50B","high","Телевизор 75 Sony K-75XR50B, Android MiniLED, 4K UHD, Google TV","","","","","false","true","false","","","https://market.yandex.ru/card/televizor-75-sony-k-75xr50b-android-miniled-4k-uhd-google-tv/1353617538","2026-08-04T19:21:38.566Z"
"129","19","10","139942360","Blackton","24FS34B","high","Телевизор Blackton Bt 24FS34B, 24 дюйма, разрешение 1366x768, черный","6","6 купили","4","2","false","true","false","","","https://market.yandex.ru/card/televizor-blackton-bt-24fs34b/139942360","2026-08-04T19:21:38.566Z"
"130","19","11","5059785032","HYUNDAI","H-LED32BS5002","high","32"" Телевизор Hyundai H-LED32BS5002, HD, черный, смарт ТВ, Android TV","","","","","false","true","false","","","https://market.yandex.ru/card/32-televizor-hyundai-h-led32bs5002-hd-chernyy-smart-tv-android-tv/5059785032","2026-08-04T19:21:38.566Z"
"131","19","13","5519220327","HYUNDAI","H-LED50QBU7500","high","50"" Телевизор Hyundai H-LED50QBU7500, QLED, 4K Ultra HD, черный, смарт ТВ, Android","","","","","false","true","false","","","https://market.yandex.ru/card/50-televizor-hyundai-h-led50qbu7500-qled-4k-ultra-hd-chernyy-smart-tv-android/5519220327","2026-08-04T19:21:38.566Z"
"132","19","14","1770266281","Leff","24H250T","high","ЖК-телевизор LEFF 24H250T, черный, 24"", FullHD, 1920x1080, 60 Гц","4","4 купили","5","1","false","true","false","","","https://market.yandex.ru/card/zhk-televizor-leff-24h250t/1770266281","2026-08-04T19:21:38.566Z"
"133","19","15","5810294879","Haier","DH1ZH0D00RU","high","ЖК-телевизор Haier 55"" MiniLED M4 (DH1ZH0D00RU) 3840 x 2160, VA, 60 Гц, Android TV, Wi-Fi, Bluetooth, серебристый","","","","","false","true","false","","","https://market.yandex.ru/card/zhk-televizor-haier-55-miniled-m4-dh1zh0d00ru-serebristyy/5810294879","2026-08-04T19:21:38.566Z"
