batch,phrase,forecast_queries,traffic_volume,avg_bid_rub,charged_amount_rub,ctr_percent,impressions,clicks,budget_rub,region,period,platforms,currency,captured_at,source
1,как повесить телевизор на гипсокартонную стену,368,100,100.90,14.80,1.40,356,5,74.00,Россия,30 дней,все,RUB,2026-07-30T08:51:45.944Z,Яндекс Директ — Оценка бюджета кампании
1,как повесить телевизор на гипсокартонную стену,368,85,57.00,9.40,1.49,336,5,47.00,Россия,30 дней,все,RUB,2026-07-30T08:51:45.949Z,Яндекс Директ — Оценка бюджета кампании
1,как повесить телевизор на гипсокартонную стену,368,62,46.00,7.80,1.53,327,5,39.00,Россия,30 дней,все,RUB,2026-07-30T08:51:45.949Z,Яндекс Директ — Оценка бюджета кампании
1,как повесить телевизор на гипсокартонную стену,368,9,130.20,3.20,0.59,339,2,6.40,Россия,30 дней,все,RUB,2026-07-30T08:51:45.949Z,Яндекс Директ — Оценка бюджета кампании
1,как повесить телевизор на гипсокартонную стену,368,5,130.20,3.20,0.59,339,2,6.40,Россия,30 дней,все,RUB,2026-07-30T08:51:45.949Z,Яндекс Директ — Оценка бюджета кампании
1,как правильно повесить телевизор на стену,730,100,68.40,13.20,1.66,602,10,132.00,Россия,30 дней,все,RUB,2026-07-30T08:51:45.949Z,Яндекс Директ — Оценка бюджета кампании
1,как правильно повесить телевизор на стену,730,85,29.10,8.60,1.70,528,9,77.40,Россия,30 дней,все,RUB,2026-07-30T08:51:45.949Z,Яндекс Директ — Оценка бюджета кампании
1,как правильно повесить телевизор на стену,730,62,29.10,8.60,1.70,528,9,77.40,Россия,30 дней,все,RUB,2026-07-30T08:51:45.949Z,Яндекс Директ — Оценка бюджета кампании
1,как правильно повесить телевизор на стену,730,9,107.90,9.10,0.50,599,3,27.30,Россия,30 дней,все,RUB,2026-07-30T08:51:45.949Z,Яндекс Директ — Оценка бюджета кампании
1,как правильно повесить телевизор на стену,730,5,105.10,9.10,0.50,598,3,27.30,Россия,30 дней,все,RUB,2026-07-30T08:51:45.949Z,Яндекс Директ — Оценка бюджета кампании
1,крепление для телевизора на стену -поворот,7028,100,181.00,18.00,6.41,5414,347,6246.00,Россия,30 дней,все,RUB,2026-07-30T08:51:45.949Z,Яндекс Директ — Оценка бюджета кампании
1,крепление для телевизора на стену -поворот,7028,85,68.10,12.50,6.15,5304,326,4075.00,Россия,30 дней,все,RUB,2026-07-30T08:51:45.949Z,Яндекс Директ — Оценка бюджета кампании
1,крепление для телевизора на стену -поворот,7028,62,52.10,10.70,5.94,5234,311,3327.70,Россия,30 дней,все,RUB,2026-07-30T08:51:45.949Z,Яндекс Директ — Оценка бюджета кампании
1,крепление для телевизора на стену -поворот,7028,9,87.60,14.70,0.52,3824,20,294.00,Россия,30 дней,все,RUB,2026-07-30T08:51:45.949Z,Яндекс Директ — Оценка бюджета кампании
1,крепление для телевизора на стену -поворот,7028,5,85.60,14.50,0.53,3809,20,290.00,Россия,30 дней,все,RUB,2026-07-30T08:51:45.949Z,Яндекс Директ — Оценка бюджета кампании
1,крепление для телевизора на стену с поворотом,543,100,120.10,12.50,7.30,452,33,412.50,Россия,30 дней,все,RUB,2026-07-30T08:51:45.949Z,Яндекс Директ — Оценка бюджета кампании
1,крепление для телевизора на стену с поворотом,543,85,54.90,9.70,6.77,443,30,291.00,Россия,30 дней,все,RUB,2026-07-30T08:51:45.949Z,Яндекс Директ — Оценка бюджета кампании
1,крепление для телевизора на стену с поворотом,543,62,39.70,8.80,6.68,434,29,255.20,Россия,30 дней,все,RUB,2026-07-30T08:51:45.949Z,Яндекс Директ — Оценка бюджета кампании
1,крепление для телевизора на стену с поворотом,543,9,78.60,8.60,0.88,340,3,25.80,Россия,30 дней,все,RUB,2026-07-30T08:51:45.949Z,Яндекс Директ — Оценка бюджета кампании
1,крепление для телевизора на стену с поворотом,543,5,71.40,8.40,0.89,338,3,25.20,Россия,30 дней,все,RUB,2026-07-30T08:51:45.949Z,Яндекс Директ — Оценка бюджета кампании
1,кронштейн для тв onkron tm6 черный,108,100,692.80,67.20,9.65,114,11,739.20,Россия,30 дней,все,RUB,2026-07-30T08:51:45.949Z,Яндекс Директ — Оценка бюджета кампании
1,кронштейн для тв onkron tm6 черный,108,85,113.30,17.90,8.04,112,9,161.10,Россия,30 дней,все,RUB,2026-07-30T08:51:45.949Z,Яндекс Директ — Оценка бюджета кампании
1,кронштейн для тв onkron tm6 черный,108,62,75.50,13.80,7.41,108,8,110.40,Россия,30 дней,все,RUB,2026-07-30T08:51:45.949Z,Яндекс Директ — Оценка бюджета кампании
1,кронштейн для тв onkron tm6 черный,108,9,314.20,6.50,4.44,45,2,13.00,Россия,30 дней,все,RUB,2026-07-30T08:51:45.949Z,Яндекс Директ — Оценка бюджета кампании
1,кронштейн для тв onkron tm6 черный,108,5,313.20,6.50,4.44,45,2,13.00,Россия,30 дней,все,RUB,2026-07-30T08:51:45.949Z,Яндекс Директ — Оценка бюджета кампании
1,кронштейн для телевизора 32,4768,100,268.10,20.10,7.33,2441,179,3597.90,Россия,30 дней,все,RUB,2026-07-30T08:51:45.949Z,Яндекс Директ — Оценка бюджета кампании
1,кронштейн для телевизора 32,4768,85,83.60,14.00,7.08,2402,170,2380.00,Россия,30 дней,все,RUB,2026-07-30T08:51:45.949Z,Яндекс Директ — Оценка бюджета кампании
1,кронштейн для телевизора 32,4768,62,54.00,11.50,6.94,2362,164,1886.00,Россия,30 дней,все,RUB,2026-07-30T08:51:45.949Z,Яндекс Директ — Оценка бюджета кампании
1,кронштейн для телевизора 32,4768,9,104.50,15.00,0.78,1675,13,195.00,Россия,30 дней,все,RUB,2026-07-30T08:51:45.949Z,Яндекс Директ — Оценка бюджета кампании
1,кронштейн для телевизора 32,4768,5,94.40,14.60,0.78,1670,13,189.80,Россия,30 дней,все,RUB,2026-07-30T08:51:45.949Z,Яндекс Директ — Оценка бюджета кампании
1,кронштейн для телевизора 43 дюйма,1730,100,234.00,18.90,8.09,1335,108,2041.20,Россия,30 дней,все,RUB,2026-07-30T08:51:45.949Z,Яндекс Директ — Оценка бюджета кампании
1,кронштейн для телевизора 43 дюйма,1730,85,90.40,13.10,7.84,1313,103,1349.30,Россия,30 дней,все,RUB,2026-07-30T08:51:45.949Z,Яндекс Директ — Оценка бюджета кампании
1,кронштейн для телевизора 43 дюйма,1730,62,56.50,10.60,7.71,1284,99,1049.40,Россия,30 дней,все,RUB,2026-07-30T08:51:45.949Z,Яндекс Директ — Оценка бюджета кампании
1,кронштейн для телевизора 43 дюйма,1730,9,98.30,14.30,0.92,870,8,114.40,Россия,30 дней,все,RUB,2026-07-30T08:51:45.949Z,Яндекс Директ — Оценка бюджета кампании
1,кронштейн для телевизора 43 дюйма,1730,5,90.90,15.60,0.81,865,7,109.20,Россия,30 дней,все,RUB,2026-07-30T08:51:45.949Z,Яндекс Директ — Оценка бюджета кампании
1,кронштейн для телевизора 55 дюймов,2477,100,309.30,28.50,7.21,1929,139,3961.50,Россия,30 дней,все,RUB,2026-07-30T08:51:45.949Z,Яндекс Директ — Оценка бюджета кампании
1,кронштейн для телевизора 55 дюймов,2477,85,104.30,18.10,6.70,1911,128,2316.80,Россия,30 дней,все,RUB,2026-07-30T08:51:45.949Z,Яндекс Директ — Оценка бюджета кампании
1,кронштейн для телевизора 55 дюймов,2477,62,65.20,14.90,6.64,1883,125,1862.50,Россия,30 дней,все,RUB,2026-07-30T08:51:45.949Z,Яндекс Директ — Оценка бюджета кампании
1,кронштейн для телевизора 55 дюймов,2477,9,90.80,13.30,0.82,1218,10,133.00,Россия,30 дней,все,RUB,2026-07-30T08:51:45.949Z,Яндекс Директ — Оценка бюджета кампании
1,кронштейн для телевизора 55 дюймов,2477,5,84.40,14.50,0.74,1211,9,130.50,Россия,30 дней,все,RUB,2026-07-30T08:51:45.949Z,Яндекс Директ — Оценка бюджета кампании
1,кронштейн для телевизора 65 дюймов,1714,100,297.70,28.60,7.54,1339,101,2888.60,Россия,30 дней,все,RUB,2026-07-30T08:51:45.949Z,Яндекс Директ — Оценка бюджета кампании
1,кронштейн для телевизора 65 дюймов,1714,85,114.10,19.40,7.32,1325,97,1881.80,Россия,30 дней,все,RUB,2026-07-30T08:51:45.949Z,Яндекс Директ — Оценка бюджета кампании
1,кронштейн для телевизора 65 дюймов,1714,62,72.20,15.40,6.94,1297,90,1386.00,Россия,30 дней,все,RUB,2026-07-30T08:51:45.949Z,Яндекс Директ — Оценка бюджета кампании
1,кронштейн для телевизора 65 дюймов,1714,9,113.50,14.10,0.87,806,7,98.70,Россия,30 дней,все,RUB,2026-07-30T08:51:45.949Z,Яндекс Директ — Оценка бюджета кампании
1,кронштейн для телевизора 65 дюймов,1714,5,106.10,13.30,0.87,801,7,93.10,Россия,30 дней,все,RUB,2026-07-30T08:51:45.949Z,Яндекс Директ — Оценка бюджета кампании
1,кронштейн для телевизора lg,1076,100,200.80,27.30,4.98,863,43,1173.90,Россия,30 дней,все,RUB,2026-07-30T08:51:45.949Z,Яндекс Директ — Оценка бюджета кампании
1,кронштейн для телевизора lg,1076,85,87.10,19.10,4.86,844,41,783.10,Россия,30 дней,все,RUB,2026-07-30T08:51:45.949Z,Яндекс Директ — Оценка бюджета кампании
1,кронштейн для телевизора lg,1076,62,62.90,16.20,4.68,833,39,631.80,Россия,30 дней,все,RUB,2026-07-30T08:51:45.949Z,Яндекс Директ — Оценка бюджета кампании
1,кронштейн для телевизора lg,1076,9,69.60,9.10,0.84,595,5,45.50,Россия,30 дней,все,RUB,2026-07-30T08:51:45.949Z,Яндекс Директ — Оценка бюджета кампании
1,кронштейн для телевизора lg,1076,5,69.40,9.00,0.84,593,5,45.00,Россия,30 дней,все,RUB,2026-07-30T08:51:45.949Z,Яндекс Директ — Оценка бюджета кампании
1,кронштейн для телевизора samsung,860,100,232.40,30.40,5.17,716,37,1124.80,Россия,30 дней,все,RUB,2026-07-30T08:51:45.950Z,Яндекс Директ — Оценка бюджета кампании
1,кронштейн для телевизора samsung,860,85,138.20,22.80,5.05,713,36,820.80,Россия,30 дней,все,RUB,2026-07-30T08:51:45.950Z,Яндекс Директ — Оценка бюджета кампании
1,кронштейн для телевизора samsung,860,62,74.80,17.70,4.97,704,35,619.50,Россия,30 дней,все,RUB,2026-07-30T08:51:45.950Z,Яндекс Директ — Оценка бюджета кампании
1,кронштейн для телевизора samsung,860,9,68.80,13.20,0.96,522,5,66.00,Россия,30 дней,все,RUB,2026-07-30T08:51:45.950Z,Яндекс Директ — Оценка бюджета кампании
1,кронштейн для телевизора samsung,860,5,66.10,13.00,0.96,519,5,65.00,Россия,30 дней,все,RUB,2026-07-30T08:51:45.950Z,Яндекс Директ — Оценка бюджета кампании
1,кронштейн для телевизора выдвижной,1814,100,258.60,24.30,7.91,1466,116,2818.80,Россия,30 дней,все,RUB,2026-07-30T08:51:45.950Z,Яндекс Директ — Оценка бюджета кампании
1,кронштейн для телевизора выдвижной,1814,85,99.10,15.70,7.42,1455,108,1695.60,Россия,30 дней,все,RUB,2026-07-30T08:51:45.950Z,Яндекс Директ — Оценка бюджета кампании
1,кронштейн для телевизора выдвижной,1814,62,61.40,13.10,7.19,1432,103,1349.30,Россия,30 дней,все,RUB,2026-07-30T08:51:45.950Z,Яндекс Директ — Оценка бюджета кампании
1,кронштейн для телевизора выдвижной,1814,9,80.20,10.60,1.00,898,9,95.40,Россия,30 дней,все,RUB,2026-07-30T08:51:45.950Z,Яндекс Директ — Оценка бюджета кампании
1,кронштейн для телевизора выдвижной,1814,5,75.40,11.50,0.89,895,8,92.00,Россия,30 дней,все,RUB,2026-07-30T08:51:45.950Z,Яндекс Директ — Оценка бюджета кампании
1,кронштейн для телевизора купить,6834,100,237.20,22.40,8.09,4214,341,7638.40,Россия,30 дней,все,RUB,2026-07-30T08:51:45.950Z,Яндекс Директ — Оценка бюджета кампании
1,кронштейн для телевизора купить,6834,85,89.60,15.40,7.81,4175,326,5020.40,Россия,30 дней,все,RUB,2026-07-30T08:51:45.950Z,Яндекс Директ — Оценка бюджета кампании
1,кронштейн для телевизора купить,6834,62,57.10,12.50,7.54,4114,310,3875.00,Россия,30 дней,все,RUB,2026-07-30T08:51:45.950Z,Яндекс Директ — Оценка бюджета кампании
1,кронштейн для телевизора купить,6834,9,76.30,14.20,0.89,2796,25,355.00,Россия,30 дней,все,RUB,2026-07-30T08:51:45.950Z,Яндекс Директ — Оценка бюджета кампании
1,кронштейн для телевизора купить,6834,5,73.80,13.90,0.90,2785,25,347.50,Россия,30 дней,все,RUB,2026-07-30T08:51:45.950Z,Яндекс Директ — Оценка бюджета кампании
1,кронштейн для телевизора на стену,26132,100,242.30,23.80,6.30,12318,776,18468.80,Россия,30 дней,все,RUB,2026-07-30T08:51:45.950Z,Яндекс Директ — Оценка бюджета кампании
1,кронштейн для телевизора на стену,26132,85,89.00,16.10,6.05,12088,731,11769.10,Россия,30 дней,все,RUB,2026-07-30T08:51:45.950Z,Яндекс Директ — Оценка бюджета кампании
1,кронштейн для телевизора на стену,26132,62,55.00,12.50,5.79,11899,689,8612.50,Россия,30 дней,все,RUB,2026-07-30T08:51:45.950Z,Яндекс Директ — Оценка бюджета кампании
1,кронштейн для телевизора на стену,26132,9,110.10,15.60,0.48,8406,40,624.00,Россия,30 дней,все,RUB,2026-07-30T08:51:45.950Z,Яндекс Директ — Оценка бюджета кампании
1,кронштейн для телевизора на стену,26132,5,103.20,15.30,0.47,8379,39,596.70,Россия,30 дней,все,RUB,2026-07-30T08:51:45.950Z,Яндекс Директ — Оценка бюджета кампании
1,кронштейн для телевизора с поворотом и наклоном,24,100,200.40,11.30,14.29,21,3,33.90,Россия,30 дней,все,RUB,2026-07-30T08:51:45.950Z,Яндекс Директ — Оценка бюджета кампании
1,кронштейн для телевизора с поворотом и наклоном,24,85,70.60,7.40,15.00,20,3,22.20,Россия,30 дней,все,RUB,2026-07-30T08:51:45.950Z,Яндекс Директ — Оценка бюджета кампании
1,кронштейн для телевизора с поворотом и наклоном,24,62,65.10,6.60,11.76,17,2,13.20,Россия,30 дней,все,RUB,2026-07-30T08:51:45.950Z,Яндекс Директ — Оценка бюджета кампании
1,кронштейн для телевизора с поворотом и наклоном,24,9,89.70,0.90,20.00,10,2,1.80,Россия,30 дней,все,RUB,2026-07-30T08:51:45.950Z,Яндекс Директ — Оценка бюджета кампании
1,кронштейн для телевизора с поворотом и наклоном,24,5,89.70,0.90,20.00,10,2,1.80,Россия,30 дней,все,RUB,2026-07-30T08:51:45.950Z,Яндекс Директ — Оценка бюджета кампании
1,кронштейн для телевизора цена,584,100,246.40,22.70,11.35,467,53,1203.10,Россия,30 дней,все,RUB,2026-07-30T08:51:45.950Z,Яндекс Директ — Оценка бюджета кампании
1,кронштейн для телевизора цена,584,85,81.20,15.10,10.89,459,50,755.00,Россия,30 дней,все,RUB,2026-07-30T08:51:45.950Z,Яндекс Директ — Оценка бюджета кампании
1,кронштейн для телевизора цена,584,62,53.10,11.00,10.44,450,47,517.00,Россия,30 дней,все,RUB,2026-07-30T08:51:45.950Z,Яндекс Директ — Оценка бюджета кампании
1,кронштейн для телевизора цена,584,9,138.90,12.20,1.08,369,4,48.80,Россия,30 дней,все,RUB,2026-07-30T08:51:45.950Z,Яндекс Директ — Оценка бюджета кампании
1,кронштейн для телевизора цена,584,5,138.90,12.20,1.08,369,4,48.80,Россия,30 дней,все,RUB,2026-07-30T08:51:45.950Z,Яндекс Директ — Оценка бюджета кампании
1,наклонный кронштейн для телевизора,4652,100,293.80,22.00,7.58,2361,179,3938.00,Россия,30 дней,все,RUB,2026-07-30T08:51:45.950Z,Яндекс Директ — Оценка бюджета кампании
1,наклонный кронштейн для телевизора,4652,85,94.50,14.20,7.27,2298,167,2371.40,Россия,30 дней,все,RUB,2026-07-30T08:51:45.950Z,Яндекс Директ — Оценка бюджета кампании
1,наклонный кронштейн для телевизора,4652,62,53.20,11.20,7.04,2230,157,1758.40,Россия,30 дней,все,RUB,2026-07-30T08:51:45.950Z,Яндекс Директ — Оценка бюджета кампании
1,наклонный кронштейн для телевизора,4652,9,163.10,21.30,0.79,1519,12,255.60,Россия,30 дней,все,RUB,2026-07-30T08:51:45.950Z,Яндекс Директ — Оценка бюджета кампании
1,наклонный кронштейн для телевизора,4652,5,147.00,19.80,0.80,1506,12,237.60,Россия,30 дней,все,RUB,2026-07-30T08:51:45.950Z,Яндекс Директ — Оценка бюджета кампании
1,настенное крепление для телевизора,1769,100,231.10,21.90,8.27,1476,122,2671.80,Россия,30 дней,все,RUB,2026-07-30T08:51:45.950Z,Яндекс Директ — Оценка бюджета кампании
1,настенное крепление для телевизора,1769,85,83.80,13.80,7.94,1448,115,1587.00,Россия,30 дней,все,RUB,2026-07-30T08:51:45.950Z,Яндекс Директ — Оценка бюджета кампании
1,настенное крепление для телевизора,1769,62,49.50,10.90,7.76,1417,110,1199.00,Россия,30 дней,все,RUB,2026-07-30T08:51:45.950Z,Яндекс Директ — Оценка бюджета кампании
1,настенное крепление для телевизора,1769,9,102.50,12.80,0.84,947,8,102.40,Россия,30 дней,все,RUB,2026-07-30T08:51:45.950Z,Яндекс Директ — Оценка бюджета кампании
1,настенное крепление для телевизора,1769,5,100.70,12.80,0.85,945,8,102.40,Россия,30 дней,все,RUB,2026-07-30T08:51:45.950Z,Яндекс Директ — Оценка бюджета кампании
1,настенный кронштейн для телевизора,4592,100,298.80,25.50,9.40,2522,237,6043.50,Россия,30 дней,все,RUB,2026-07-30T08:51:45.950Z,Яндекс Директ — Оценка бюджета кампании
1,настенный кронштейн для телевизора,4592,85,102.70,16.10,8.93,2485,222,3574.20,Россия,30 дней,все,RUB,2026-07-30T08:51:45.950Z,Яндекс Директ — Оценка бюджета кампании
1,настенный кронштейн для телевизора,4592,62,59.00,12.10,8.46,2424,205,2480.50,Россия,30 дней,все,RUB,2026-07-30T08:51:45.950Z,Яндекс Директ — Оценка бюджета кампании
1,настенный кронштейн для телевизора,4592,9,157.00,19.30,1.05,1330,14,270.20,Россия,30 дней,все,RUB,2026-07-30T08:51:45.950Z,Яндекс Директ — Оценка бюджета кампании
1,настенный кронштейн для телевизора,4592,5,146.70,18.20,1.06,1324,14,254.80,Россия,30 дней,все,RUB,2026-07-30T08:51:45.950Z,Яндекс Директ — Оценка бюджета кампании
1,поворотный кронштейн для телевизора,10558,100,244.30,20.50,6.26,4059,254,5207.00,Россия,30 дней,все,RUB,2026-07-30T08:51:45.950Z,Яндекс Директ — Оценка бюджета кампании
1,поворотный кронштейн для телевизора,10558,85,93.40,14.70,6.10,4016,245,3601.50,Россия,30 дней,все,RUB,2026-07-30T08:51:45.950Z,Яндекс Директ — Оценка бюджета кампании
1,поворотный кронштейн для телевизора,10558,62,57.50,12.30,5.95,3952,235,2890.50,Россия,30 дней,все,RUB,2026-07-30T08:51:45.950Z,Яндекс Директ — Оценка бюджета кампании
1,поворотный кронштейн для телевизора,10558,9,106.00,12.80,0.68,2780,19,243.20,Россия,30 дней,все,RUB,2026-07-30T08:51:45.950Z,Яндекс Директ — Оценка бюджета кампании
1,поворотный кронштейн для телевизора,10558,5,98.20,12.40,0.69,2772,19,235.60,Россия,30 дней,все,RUB,2026-07-30T08:51:45.950Z,Яндекс Директ — Оценка бюджета кампании
1,потолочное крепление для телевизора,252,100,237.30,18.70,7.92,240,19,355.30,Россия,30 дней,все,RUB,2026-07-30T08:51:45.950Z,Яндекс Директ — Оценка бюджета кампании
1,потолочное крепление для телевизора,252,85,71.90,11.60,7.56,238,18,208.80,Россия,30 дней,все,RUB,2026-07-30T08:51:45.950Z,Яндекс Директ — Оценка бюджета кампании
1,потолочное крепление для телевизора,252,62,54.40,11.40,7.23,235,17,193.80,Россия,30 дней,все,RUB,2026-07-30T08:51:45.950Z,Яндекс Директ — Оценка бюджета кампании
1,потолочное крепление для телевизора,252,9,76.40,6.40,1.37,146,2,12.80,Россия,30 дней,все,RUB,2026-07-30T08:51:45.950Z,Яндекс Директ — Оценка бюджета кампании
1,потолочное крепление для телевизора,252,5,65.80,6.00,1.39,144,2,12.00,Россия,30 дней,все,RUB,2026-07-30T08:51:45.950Z,Яндекс Директ — Оценка бюджета кампании
1,потолочный кронштейн для телевизора,1719,100,308.50,29.70,8.31,1481,123,3653.10,Россия,30 дней,все,RUB,2026-07-30T08:51:45.950Z,Яндекс Директ — Оценка бюджета кампании
1,потолочный кронштейн для телевизора,1719,85,123.50,21.20,7.71,1466,113,2395.60,Россия,30 дней,все,RUB,2026-07-30T08:51:45.950Z,Яндекс Директ — Оценка бюджета кампании
1,потолочный кронштейн для телевизора,1719,62,88.10,18.80,7.34,1457,107,2011.60,Россия,30 дней,все,RUB,2026-07-30T08:51:45.950Z,Яндекс Директ — Оценка бюджета кампании
1,потолочный кронштейн для телевизора,1719,9,97.80,12.20,1.08,834,9,109.80,Россия,30 дней,все,RUB,2026-07-30T08:51:45.950Z,Яндекс Директ — Оценка бюджета кампании
1,потолочный кронштейн для телевизора,1719,5,88.70,11.50,1.08,830,9,103.50,Россия,30 дней,все,RUB,2026-07-30T08:51:45.950Z,Яндекс Директ — Оценка бюджета кампании
1,сколько стоит повесить телевизор на стену,382,100,233.40,27.70,17.81,393,70,1939.00,Россия,30 дней,все,RUB,2026-07-30T08:51:45.950Z,Яндекс Директ — Оценка бюджета кампании
1,сколько стоит повесить телевизор на стену,382,85,86.70,19.40,16.80,387,65,1261.00,Россия,30 дней,все,RUB,2026-07-30T08:51:45.950Z,Яндекс Директ — Оценка бюджета кампании
1,сколько стоит повесить телевизор на стену,382,62,53.60,15.10,15.49,381,59,890.90,Россия,30 дней,все,RUB,2026-07-30T08:51:45.950Z,Яндекс Директ — Оценка бюджета кампании
1,сколько стоит повесить телевизор на стену,382,9,103.30,15.40,1.16,345,4,61.60,Россия,30 дней,все,RUB,2026-07-30T08:51:45.950Z,Яндекс Директ — Оценка бюджета кампании
1,сколько стоит повесить телевизор на стену,382,5,100.00,15.10,1.17,343,4,60.40,Россия,30 дней,все,RUB,2026-07-30T08:51:45.950Z,Яндекс Директ — Оценка бюджета кампании
1,телевизор 55 диагональ размеры,2344,100,110.90,18.10,3.13,1694,53,959.30,Россия,30 дней,все,RUB,2026-07-30T08:51:45.950Z,Яндекс Директ — Оценка бюджета кампании
1,телевизор 55 диагональ размеры,2344,85,67.40,14.30,3.01,1662,50,715.00,Россия,30 дней,все,RUB,2026-07-30T08:51:45.950Z,Яндекс Директ — Оценка бюджета кампании
1,телевизор 55 диагональ размеры,2344,62,53.70,12.70,2.92,1644,48,609.60,Россия,30 дней,все,RUB,2026-07-30T08:51:45.950Z,Яндекс Директ — Оценка бюджета кампании
1,телевизор 55 диагональ размеры,2344,9,73.20,9.00,0.31,1297,4,36.00,Россия,30 дней,все,RUB,2026-07-30T08:51:45.950Z,Яндекс Директ — Оценка бюджета кампании
1,телевизор 55 диагональ размеры,2344,5,70.20,8.70,0.31,1294,4,34.80,Россия,30 дней,все,RUB,2026-07-30T08:51:45.950Z,Яндекс Директ — Оценка бюджета кампании
1,фиксированный кронштейн для телевизора,831,100,352.60,28.40,8.84,645,57,1618.80,Россия,30 дней,все,RUB,2026-07-30T08:51:45.950Z,Яндекс Директ — Оценка бюджета кампании
1,фиксированный кронштейн для телевизора,831,85,143.80,20.30,8.45,639,54,1096.20,Россия,30 дней,все,RUB,2026-07-30T08:51:45.950Z,Яндекс Директ — Оценка бюджета кампании
1,фиксированный кронштейн для телевизора,831,62,70.10,13.40,7.94,630,50,670.00,Россия,30 дней,все,RUB,2026-07-30T08:51:45.950Z,Яндекс Директ — Оценка бюджета кампании
1,фиксированный кронштейн для телевизора,831,9,124.30,10.40,1.16,344,4,41.60,Россия,30 дней,все,RUB,2026-07-30T08:51:45.950Z,Яндекс Директ — Оценка бюджета кампании
1,фиксированный кронштейн для телевизора,831,5,120.90,10.40,1.17,343,4,41.60,Россия,30 дней,все,RUB,2026-07-30T08:51:45.950Z,Яндекс Директ — Оценка бюджета кампании
2,как повесить телевизор -гипсокартон -кронштейн,6248,100,117.20,19.40,1.39,5527,77,1493.80,Россия,30 дней,все,RUB,2026-07-30T08:59:09.325Z,Яндекс Директ — Оценка бюджета кампании
2,как повесить телевизор -гипсокартон -кронштейн,6248,85,51.90,13.30,1.32,5291,70,931.00,Россия,30 дней,все,RUB,2026-07-30T08:59:09.327Z,Яндекс Директ — Оценка бюджета кампании
2,как повесить телевизор -гипсокартон -кронштейн,6248,62,49.10,12.60,1.31,5272,69,869.40,Россия,30 дней,все,RUB,2026-07-30T08:59:09.327Z,Яндекс Директ — Оценка бюджета кампании
2,как повесить телевизор -гипсокартон -кронштейн,6248,9,103.00,19.80,0.21,5303,11,217.80,Россия,30 дней,все,RUB,2026-07-30T08:59:09.327Z,Яндекс Директ — Оценка бюджета кампании
2,как повесить телевизор -гипсокартон -кронштейн,6248,5,94.30,19.50,0.21,5289,11,214.50,Россия,30 дней,все,RUB,2026-07-30T08:59:09.327Z,Яндекс Директ — Оценка бюджета кампании
2,как повесить телевизор на гипсокартон,476,100,199.00,13.80,1.38,435,6,82.80,Россия,30 дней,все,RUB,2026-07-30T08:59:09.327Z,Яндекс Директ — Оценка бюджета кампании
2,как повесить телевизор на гипсокартон,476,85,27.00,6.60,1.45,345,5,33.00,Россия,30 дней,все,RUB,2026-07-30T08:59:09.327Z,Яндекс Директ — Оценка бюджета кампании
2,как повесить телевизор на гипсокартон,476,62,26.50,6.30,1.47,341,5,31.50,Россия,30 дней,все,RUB,2026-07-30T08:59:09.327Z,Яндекс Директ — Оценка бюджета кампании
2,как повесить телевизор на гипсокартон,476,9,363.80,11.30,0.47,428,2,22.60,Россия,30 дней,все,RUB,2026-07-30T08:59:09.327Z,Яндекс Директ — Оценка бюджета кампании
2,как повесить телевизор на гипсокартон,476,5,363.80,11.30,0.47,428,2,22.60,Россия,30 дней,все,RUB,2026-07-30T08:59:09.327Z,Яндекс Директ — Оценка бюджета кампании
2,как повесить телевизор на кронштейн,3634,100,94.40,16.20,1.13,3020,34,550.80,Россия,30 дней,все,RUB,2026-07-30T08:59:09.327Z,Яндекс Директ — Оценка бюджета кампании
2,как повесить телевизор на кронштейн,3634,85,38.70,11.40,1.07,2816,30,342.00,Россия,30 дней,все,RUB,2026-07-30T08:59:09.327Z,Яндекс Директ — Оценка бюджета кампании
2,как повесить телевизор на кронштейн,3634,62,37.60,11.10,1.07,2810,30,333.00,Россия,30 дней,все,RUB,2026-07-30T08:59:09.327Z,Яндекс Директ — Оценка бюджета кампании
2,как повесить телевизор на кронштейн,3634,9,296.20,46.80,0.27,3012,8,374.40,Россия,30 дней,все,RUB,2026-07-30T08:59:09.327Z,Яндекс Директ — Оценка бюджета кампании
2,как повесить телевизор на кронштейн,3634,5,231.80,31.80,0.23,2988,7,222.60,Россия,30 дней,все,RUB,2026-07-30T08:59:09.327Z,Яндекс Директ — Оценка бюджета кампании
2,крепление vesa -стандарт,5512,100,220.90,22.00,6.05,4278,259,5698.00,Россия,30 дней,все,RUB,2026-07-30T08:59:09.327Z,Яндекс Директ — Оценка бюджета кампании
2,крепление vesa -стандарт,5512,85,74.20,14.40,5.77,4196,242,3484.80,Россия,30 дней,все,RUB,2026-07-30T08:59:09.327Z,Яндекс Директ — Оценка бюджета кампании
2,крепление vesa -стандарт,5512,62,51.80,12.00,5.58,4137,231,2772.00,Россия,30 дней,все,RUB,2026-07-30T08:59:09.327Z,Яндекс Директ — Оценка бюджета кампании
2,крепление vesa -стандарт,5512,9,71.60,11.10,0.58,2569,15,166.50,Россия,30 дней,все,RUB,2026-07-30T08:59:09.327Z,Яндекс Директ — Оценка бюджета кампании
2,крепление vesa -стандарт,5512,5,64.10,10.50,0.59,2554,15,157.50,Россия,30 дней,все,RUB,2026-07-30T08:59:09.327Z,Яндекс Директ — Оценка бюджета кампании
2,крепление для телевизора,20363,100,186.20,18.70,5.53,15945,881,16474.70,Россия,30 дней,все,RUB,2026-07-30T08:59:09.327Z,Яндекс Директ — Оценка бюджета кампании
2,крепление для телевизора,20363,85,71.20,13.30,5.28,15669,827,10999.10,Россия,30 дней,все,RUB,2026-07-30T08:59:09.327Z,Яндекс Директ — Оценка бюджета кампании
2,крепление для телевизора,20363,62,53.30,11.60,5.12,15486,793,9198.80,Россия,30 дней,все,RUB,2026-07-30T08:59:09.327Z,Яндекс Директ — Оценка бюджета кампании
2,крепление для телевизора,20363,9,72.30,12.90,0.50,11721,59,761.10,Россия,30 дней,все,RUB,2026-07-30T08:59:09.327Z,Яндекс Директ — Оценка бюджета кампании
2,крепление для телевизора,20363,5,68.90,12.80,0.50,11682,58,742.40,Россия,30 дней,все,RUB,2026-07-30T08:59:09.327Z,Яндекс Директ — Оценка бюджета кампании
2,кронштейн vesa -200x200,5343,100,276.90,27.90,7.17,4002,287,8007.30,Россия,30 дней,все,RUB,2026-07-30T08:59:09.327Z,Яндекс Директ — Оценка бюджета кампании
2,кронштейн vesa -200x200,5343,85,94.60,17.30,6.94,3919,272,4705.60,Россия,30 дней,все,RUB,2026-07-30T08:59:09.327Z,Яндекс Директ — Оценка бюджета кампании
2,кронштейн vesa -200x200,5343,62,57.70,13.70,6.70,3851,258,3534.60,Россия,30 дней,все,RUB,2026-07-30T08:59:09.327Z,Яндекс Директ — Оценка бюджета кампании
2,кронштейн vesa -200x200,5343,9,125.40,14.50,0.68,2193,15,217.50,Россия,30 дней,все,RUB,2026-07-30T08:59:09.327Z,Яндекс Директ — Оценка бюджета кампании
2,кронштейн vesa -200x200,5343,5,114.10,14.20,0.69,2186,15,213.00,Россия,30 дней,все,RUB,2026-07-30T08:59:09.327Z,Яндекс Директ — Оценка бюджета кампании
2,кронштейн vesa 200x200,482,100,251.90,20.50,8.94,414,37,758.50,Россия,30 дней,все,RUB,2026-07-30T08:59:09.327Z,Яндекс Директ — Оценка бюджета кампании
2,кронштейн vesa 200x200,482,85,63.50,12.40,8.60,407,35,434.00,Россия,30 дней,все,RUB,2026-07-30T08:59:09.327Z,Яндекс Директ — Оценка бюджета кампании
2,кронштейн vesa 200x200,482,62,43.10,9.90,8.42,392,33,326.70,Россия,30 дней,все,RUB,2026-07-30T08:59:09.327Z,Яндекс Директ — Оценка бюджета кампании
2,кронштейн vesa 200x200,482,9,80.00,10.60,1.13,266,3,31.80,Россия,30 дней,все,RUB,2026-07-30T08:59:09.327Z,Яндекс Директ — Оценка бюджета кампании
2,кронштейн vesa 200x200,482,5,70.20,10.80,1.14,263,3,32.40,Россия,30 дней,все,RUB,2026-07-30T08:59:09.327Z,Яндекс Директ — Оценка бюджета кампании
2,кронштейн для тв,11124,100,303.20,29.80,6.91,8715,602,17939.60,Россия,30 дней,все,RUB,2026-07-30T08:59:09.327Z,Яндекс Директ — Оценка бюджета кампании
2,кронштейн для тв,11124,85,105.60,18.80,6.54,8572,561,10546.80,Россия,30 дней,все,RUB,2026-07-30T08:59:09.327Z,Яндекс Директ — Оценка бюджета кампании
2,кронштейн для тв,11124,62,66.50,14.60,6.26,8417,527,7694.20,Россия,30 дней,все,RUB,2026-07-30T08:59:09.327Z,Яндекс Директ — Оценка бюджета кампании
2,кронштейн для тв,11124,9,123.00,20.90,0.98,5095,50,1045.00,Россия,30 дней,все,RUB,2026-07-30T08:59:09.327Z,Яндекс Директ — Оценка бюджета кампании
2,кронштейн для тв,11124,5,101.60,18.50,0.97,5040,49,906.50,Россия,30 дней,все,RUB,2026-07-30T08:59:09.327Z,Яндекс Директ — Оценка бюджета кампании
2,кронштейн для телевизора -повесить,82222,100,258.50,25.40,6.27,64119,4019,102082.60,Россия,30 дней,все,RUB,2026-07-30T08:59:09.327Z,Яндекс Директ — Оценка бюджета кампании
2,кронштейн для телевизора -повесить,82222,85,97.50,17.30,5.96,63069,3756,64978.80,Россия,30 дней,все,RUB,2026-07-30T08:59:09.327Z,Яндекс Директ — Оценка бюджета кампании
2,кронштейн для телевизора -повесить,82222,62,62.10,13.90,5.72,62119,3555,49414.50,Россия,30 дней,все,RUB,2026-07-30T08:59:09.327Z,Яндекс Директ — Оценка бюджета кампании
2,кронштейн для телевизора -повесить,82222,9,97.50,16.30,0.56,42727,240,3912.00,Россия,30 дней,все,RUB,2026-07-30T08:59:09.327Z,Яндекс Директ — Оценка бюджета кампании
2,кронштейн для телевизора -повесить,82222,5,92.00,15.90,0.56,42562,238,3784.20,Россия,30 дней,все,RUB,2026-07-30T08:59:09.327Z,Яндекс Директ — Оценка бюджета кампании
2,стандарт крепления vesa,772,100,124.40,17.80,6.07,610,37,658.60,Россия,30 дней,все,RUB,2026-07-30T08:59:09.327Z,Яндекс Директ — Оценка бюджета кампании
2,стандарт крепления vesa,772,85,66.50,13.60,5.79,604,35,476.00,Россия,30 дней,все,RUB,2026-07-30T08:59:09.327Z,Яндекс Директ — Оценка бюджета кампании
2,стандарт крепления vesa,772,62,42.70,10.10,5.42,590,32,323.20,Россия,30 дней,все,RUB,2026-07-30T08:59:09.327Z,Яндекс Директ — Оценка бюджета кампании
2,стандарт крепления vesa,772,9,56.90,6.10,0.84,358,3,18.30,Россия,30 дней,все,RUB,2026-07-30T08:59:09.327Z,Яндекс Директ — Оценка бюджета кампании
2,стандарт крепления vesa,772,5,56.90,6.10,0.84,358,3,18.30,Россия,30 дней,все,RUB,2026-07-30T08:59:09.327Z,Яндекс Директ — Оценка бюджета кампании
