keyword,wordstat_freq_ru_month
мачт тв,36779
кронштейн для телевизора,16318
кронштейн настенный,14884
тв тумба,14181
телевизор на стене,12768
тв самсунг,9613
крепление для кабеля,8959
крепежные пластины,8926
крепление к потолку,7862
тумба под тв,6913
телевизионные антенны,6172
держатель с защелкой,6072
тв кабель,5654
купить тв приставку,5342
тв приставка купить,5342
крепление воздуховодов,5216
за стеной фильм,5022
кронштейн для телевизора на стену,4898
кронштейн для тв,4314
кронштейн для кондиционера,4305
кабель для телевизора,3841
монитор на кронштейне,3792
крепление для монитора,3626
кронштейн для камеры,3572
xiaomi tv a 43,3512
телевизионный кабель,3401
крепление для телевизора,3133
крепеж к стене,3073
крепление для проводов,2760
стойка для телевизора,2703
подставка под телефон,2650
монтаж стеновых панелей,2558
кронштейн для стола,2445
крепление vesa,2391
кабель для тв,2362
лампа тв,2294
vesa кронштейн,2244
фоторамки купить,2224
кронштейн vesa,2218
кронштейн стеновой,2105
подставка для телевизора,2103
кронштейн стабилизатора,2100
поворотный кронштейн для телевизора,2089
hdmi кабель купить,2030
кронштейн крепежный,1927
подвесы для потолка,1883
кронштейн для антенны,1879
настенный кронштейн для телевизора,1759
тв антенны купить,1645
кронштейн для видеокамеры,1564
экран для кондиционера настенный,1558
как подключить тв приставку,1557
часы телевизор,1555
кронштейн для проектора,1441
стоимость телевизора,1421
наклонный кронштейн для телевизора,1412
кронштейн крепления крыла,1345
подставка под телевизор,1329
крепление для антенны,1299
держатель для бит,1250
кронштейн для телевизора 32,1249
как повесить телевизор,1169
крепление для телевизора на стену,1165
кронштейн для телевизора купить,1084
кронштейн для камеры видеонаблюдения,1079
тумба для телевизора,1017
тумба для тв,974
хл тв,929
крепление кабеля к стене,863
стойка для тв,852
как подключить телевизор к антенне,850
скачать кинопоиск на телевизор,801
карниз для штор настенный двухрядный,793
крепление шкафа к стене,782
шайба м16 вес,774
стенка под телевизор,758
яндекс тв станция бейсик 43,747
телевизор на стойке,731
кронштейн для штор,725
купить тумбу под тв,694
как крепить стеновые панели,689
штекер для телевизора,658
купить телевизионную антенну,654
кронштейн мебельный,643
трансляция с телефона на ноутбук,618
установка стеновых панелей,593
подвесная тумба под тв,554
высота тв тумбы,553
крепление бабочка,537
мобильная стойка для телевизора,521
канал мачт тв,513
телевизор hisense 55u7s pro,489
яндекс тв станция купить,480
розетки под телевизор,469
тв 55 дюймов купить,468
настенное крепление для телевизора,463
кронштейн для телевизора 55 дюймов,462
потолочный кронштейн для телевизора,459
кронштейн для телевизора выдвижной,451
подставка для смартфона,419
стенка для телевизора,416
жесткий диск для видеонаблюдения купить,416
кронштейн под монитор,413
пульт самсунг смарт тв,406
кронштейн для телевизора 65 дюймов,404
как подключить беспроводные наушники к телевизору,399
высота тумбы под телевизор,384
петля крепления груза,376
хисенсе телевизор,376
кронштейн для планшета,371
телевик в смартфоне что,366
кронштейн для телевизора 43 дюйма,366
крепление телевизора к стене,358
крепеж для телевизора,355
как повесить телевизор на кронштейн,352
трансляция экрана с телефона на пк,345
крепление кабеля к потолку,336
телевизор 55 диагональ размеры,325
тв кабель купить,324
пульт для тв самсунг,319
стандарт крепления vesa,317
делитель тв сигнала,313
стабилизатор напряжения для телевизора,313
televizo iptv,307
кронштейн для огнетушителя настенный,307
кронштейн для жалюзи,302
фиксированный кронштейн для телевизора,289
полка под тв,280
держатель для телефона для съемки,279
крепление телевизора на стену купить,273
держатель для телевизора,269
крепление крокодил,263
крепеж бабочка,262
андроид кино тв,258
apple tv купить,257
wifi адаптер для телевизора,245
самодельная антенна для тв,237
тв антенна quanta,237
крепление для картин на стену,235
телевизор blaupunkt,229
подставка под тв,220
телеканал болт,217
android tv x86,217
кронштейн для кондиционера усиленный,212
стенка под тв,209
засветы на тв,199
подставка для телефона на стол,197
телевик в смартфоне что это,194
крепление для монитора на стену,183
телевизионный кабель для антенны,181
телевизионная антенна quanta,179
как подключить телевизор к пк через hdmi,179
как установить ютуб на телевизор,177
расстояние от телевизора до глаз,169
тв приставка ростелеком купить,168
тумба под телевизор размеры,166
кронштейн для телевизора lg,161
кронштейн ра5,153
фиксатор на дин рейку,151
кронштейн для телевизора samsung,151
крепеж для телевизора на стену,149
изогнутый телевизор самсунг,143
сколько стоит ремонт телевизора,138
кронштейн для саундбара,135
как подключить тв к телефону,133
телевизионная тумба,131
как вывести айфон на телевизор,130
кронштейн для проектора настенный,127
крепеж для стеновых панелей,126
кронштейн vesa 200x200,125
экранка тв,122
онкрон кронштейны,121
стабилизатор для телефона для съемки купить,121
микрофон для телефона для записи видео,119
крепеж для лаг,118
телевизор лджи 43,118
панели под телевизор на стену,118
телевизор дехп,115
как соединить телевизионный кабель,112
телевизор dexp а321,111
держатель для пульта на стену,110
тумба под тв на ножках,110
держатель полосы заземления 40х4,110
ремонт антенны телевизора,110
как правильно повесить телевизор на стену,108
настенное крепление для велосипеда,107
подставка для телевизора самсунг,107
запись видео с экрана телефона,101
расстояние до телевизора и диагональ,100
крепление для проводов на стену,97
коаксиальный кабель для телевизора,96
телевизор samsung qe55q7f5auxru,95
f разъем для тв кабеля,94
крепеж для кабеля к стене,90
антенна для автомагнитолы купить,89
админка 55 навигатор дети,88
apple tv 4k купить,78
пульт для телевизора harper,76
hdmi кабель для телевизора и приставки,76
шнур hdmi для телевизора,74
как крепить кабель канал к стене,73
подключение камеры заднего вида к магнитоле teyes,73
муви 43 трейлер,73
крепление для триммера на стену,70
на какой высоте вешать телевизор в гостиной,69
ремонт телевизора самсунг сузился экран,68
держатель для телевизора на стену,67
разветвитель телевизионного кабеля,65
google cast как подключить к телевизору ноутбук,65
жесть тв,63
потолочное крепление для телевизора,63
кронштейн для телевизора цена,63
дырка в телике,61
хоккейные папы фильм 2023 актеры,61
на какой высоте вешается телевизор,61
как закрепить провод на стене,58
чем крепить кабель к потолку,58
крепление телевизора к потолку,57
пульт для телевизора дексп,56
нога подставка tv samsung le32s81b,54
телевизор с алисой цена,53
держатель для проводов на стену,51
как подключить пульт ростелеком к телевизору,50
кронштейн для тв onkron tm6 черный,49
телеканал витрина тв,47
как удалить канал в максе на телефоне,47
как крепить пластиковые панели на потолок,46
как повесить телевизор на гипсокартонную стену,45
как подключить яндекс пульт к телевизору,44
пластина металлическая крепежная с отверстиями,44
крепление для телевизора на стену с поворотом,43
держатель кабеля на потолке,43
замена матрицы на телевизоре цена,43
как повесить телевизор на гипсокартон,41
как подключить люстру к проводам на потолке,40
крепление для микроволновки на стену,39
как повесить турник на стену,38
телевизор haier 75 smart tv s6,36
телевизор haier 75 smart tv s3,33
эпл тв купить,33
сколько стоит повесить телевизор на стену,31
телевизионные вышки цифрового телевидения на карте,30
miracast как подключить телефон к телевизору,30
как подключить ps4 к телевизору,28
держатель для телевизора на стену поворотный,24
держатель для штор на стену,23
телевизионная антенна quanta отзывы,23
стеновые панели под тв зону,20
отслеживание 43 автобуса,20
крепеж для люстры к потолку,19
телевизор лджи 55 дюймов цена,19
hdmi arc что это в телевизоре,18
крепеж для кабеля к потолку,17
как убрать звук из видео на телефоне,15
как подключить телефон к телеку,15
кронштейн для телевизора с поворотом и наклоном,11
как подключить экран айфона к телевизору,7
все заставки телеканала европа плюс тв,1
кронштейн для телевизора на стену своими руками,0
кронштейн для телевизора на потолок,0
кронштейн для телевизора 75 дюймов на стену,0
кронштейн для телевизора днс,0
кронштейн для телевизора 43 дюйма на стену,0
кронштейн для телевизора окоф,0
кронштейн для телевизора своими руками,0
кронштейн для телевизора 32 дюйма на стену,0
кронштейн для телевизора на стену днс,0
кронштейн для телевизора на стену 65 дюймов,0
кронштейн для телевизора на стену поворотный выдвижной,0
кронштейн для телевизора на стену купить,0
кронштейн для телевизора на стену 32 дюйма,0
кронштейн для телевизора на стену 200х200,0
кронштейн для телевизора на стену как крепить к стене и телевизору,0
кронштейн для телевизора на стену с полкой,0
крепление для телевизора на стену купить,0
крепление для телевизора на потолок,0
крепление для телевизора на стену 55 дюймов,0
крепление для телевизора 75 дюймов на стену,0
крепление для телевизора на стену 65 дюймов,0
крепление для телевизора к стене,0
крепление для телевизора на стену купить в красноярске,0
крепление для телевизора на стену 200x200,0
крепление для телевизора на стену днс,0
крепление для телевизора на стену 50 дюймов,0
крепление для телевизора на стену из гипсокартона,0
крепление для телевизора на стену vesa 300x300,0
настенный кронштейн для телевизора 75 дюймов,0
настенный кронштейн для телевизора itechmount plb-641tl с функцией наклона 37 80,0
настенный кронштейн для телевизора поворотный,0
настенный кронштейн для телевизора с регулировкой по высоте,0
настенный кронштейн для телевизора 55 дюймов,0
настенный кронштейн для телевизора 43 дюйма,0
настенный кронштейн для телевизора самсунг,0
настенный кронштейн для телевизора 32 дюйма,0
настенный кронштейн для телевизора 65 дюймов,0
крепёж для телевизора на стену 50 дюймов,0
крепёж для телевизора на стену,0
крепёж для телевизора на стену поворотный выдвижной,0
крепёж для телевизора на стену своими руками,0
крепеж для телевизора на потолок,0
крепёж для телевизора на стену 55 дюймов,0
крепеж для телевизора поворотный,0
крепёж для телевизора на стену 32 дюйма,0
крепеж для телевизора к стене,0
держатель для телевизора как называется,0
держатель для телевизора поворотный,0
держатель для телевизора на стол,0
держатель для телевизора напольный,0
держатель для телевизора на потолок,0
держатель для телевизора настенный,0
держатель для телевизора на стену 55 дюймов,0
подставка под телевизор настольная универсальная купить,0
подставка под телевизор на колесиках напольная с кронштейном,0
подставка под телевизор 5 букв,0
подставка под телевизор лофт,0
подставка под телевизор на стену,0
подставка под телевизор на колесиках,0
подставка под телевизор самсунг,0
подставка под телевизор напольная,0
подставка под телевизор настольная,0
поворотный кронштейн для телевизора на стену,0
поворотный кронштейн для телевизора 55,0
поворотный кронштейн для телевизора 43 дюйма,0
поворотный кронштейн для телевизора 75 дюймов,0
поворотный кронштейн для телевизора своими руками,0
поворотный кронштейн для телевизора 55 дюймов на стену,0
поворотный кронштейн для телевизора 50 дюймов,0
поворотный кронштейн для телевизора 65,0
поворотный кронштейн для телевизора на стену 43 дюйма,0
наклонный кронштейн для телевизора 26 55 rexant 38-0330,0
наклонный кронштейн для телевизора 43-85 onkron black tm6,0
наклонный кронштейн для телевизора на стену,0
наклонный кронштейн для телевизора gigant 42-85 g-tvb-t-3,0
наклонный кронштейн для телевизора на стену установка,0
наклонный кронштейн для телевизора gigant 32-65 g-tvb-t-2,0
как установить кронштейн для телевизора на стену наклонный,0
наклонный кронштейн для телевизора 32-65 onkron black sn14,0
кронштейн для телевизора 32 дюйма на стену наклонный,0
фиксированный кронштейн для телевизора на стену,0
фиксированный кронштейн для телевизора 32-65 onkron black fm2,0
фиксированный кронштейн для телевизора gigant 42-85 g-tvb-f-2,0
кронштейн фиксированный rexant для телевизора 37 80 с быстрой фиксацией,0
кронштейн для телевизора настенный фиксированный,0
кронштейн для телевизора sber фиксированный sbdv-00169,0
фиксированный кронштейн для телевизора 55-100 onkron black uf4,0
кронштейн фиксированный rexant home для телевизора 32 50 с полкой для медиа-оборудования,0
кронштейн для телевизора на стену 43 дюйма фиксированный,0
потолочный кронштейн для телевизора 55 дюймов,0
потолочный кронштейн для телевизора своими руками,0
потолочный кронштейн для телевизора поворотный,0
потолочный кронштейн для телевизора 32 дюйма,0
потолочный кронштейн для телевизора с электроприводом,0
потолочный кронштейн для телевизора 75 дюймов,0
потолочный кронштейн для телевизора 65 дюймов,0
потолочный кронштейн для телевизора 43 дюйма,0
потолочный кронштейн для телевизора 32-80 onkron black n1l,0
кронштейн для телевизора выдвижной поворотно-наклонный на стену,0
кронштейн для телевизора на потолок выдвижной с электроприводом,0
кронштейн для телевизора выдвижной поворотно-наклонный,0
кронштейн для телевизора длинный поворотный выдвижной,0
кронштейн выдвижной для телевизора 75 диагональ,0
кронштейн для телевизора выдвижной поворотный,0
кронштейн для телевизора 55 поворотный выдвижной,0
кронштейн для телевизора на потолок поворотный выдвижной,0
кронштейн для телевизора 43 дюйма на стену поворотный,0
кронштейн для телевизора 43 дюйма на стену днс,0
кронштейн поворотный для телевизора 43 дюйма,0
кронштейн для телевизора 43 дюйма на стену наклонный,0
кронштейн для телевизора lg 43 дюйма на стену,0
кронштейн для телевизора 43 дюйма на стену купить,0
купить кронштейн для телевизора 43 дюйма на стену,0
кронштейн для телевизора 55 дюймов на стену,0
кронштейн для телевизора 55 дюймов на стену поворотный,0
кронштейн для телевизора 55 дюймов на стену купить,0
кронштейн для телевизора 55 дюймов на стену наклонный,0
кронштейн для телевизора 55 дюймов на стену tcl,0
кронштейн для телевизора 55 дюймов поворотный,0
кронштейн для телевизора 55 дюймов на стену наклонный купить,0
кронштейн для телевизора hisense 55 дюймов на стену,0
кронштейн настенный для телевизора 55 дюймов,0
кронштейн для телевизора 65 дюймов на стену,0
кронштейн для телевизора 65 дюймов на стену поворотный,0
кронштейн для телевизора 65 дюймов на стену размеры,0
кронштейн для телевизора 65 дюймов на стену купить в спб,0
кронштейн для телевизора 65 дюймов на стену наклонный,0
кронштейн для телевизора 65 дюймов на стену поворотный выдвижной,0
кронштейн для телевизора 65 дюймов на стену samsung,0
кронштейн для телевизора 65 дюймов поворотный,0
кронштейн для телевизора 65 дюймов на стену купить,0
кронштейн для телевизора 32 диагональ,0
кронштейн для телевизора 32 дюйма,0
кронштейн для телевизора 32 дюйма на стену поворотный купить,0
кронштейн для телевизора 32 на стену купить,0
кронштейн для телевизора 32 на стену наклонно-поворотный,0
кронштейн для телевизора 32 на стену,0
кронштейн для телевизора 32 -90 макс 81 кг kromax star-2 29005,0
vesa кронштейн для монитора,0
vesa кронштейн для телевизора,0
кронштейн vesa 100x100,0
vesa 300x200 кронштейн для oled lg,0
стандарты vesa кронштейн что это,0
кронштейн для телевизора vesa 300x300,0
кронштейн vesa 75х75 для монитора,0
кронштейн для монитора vesa 100x100,0
кронштейн для телевизора samsung 43 дюйма,0
кронштейн для телевизора samsung 32 дюйма на стену,0
кронштейн для телевизора samsung wmn-b50eb,0
кронштейн для телевизора samsung frame,0
кронштейн для телевизора samsung на стену,0
кронштейн для телевизора samsung 50 дюймов,0
кронштейн для телевизора samsung 55 дюймов на стену,0
кронштейн для телевизора samsung ue40ju6539u,0
кронштейн для телевизора samsung the frame,0
кронштейн для телевизора lg 43 дюйма,0
кронштейн для телевизора lg 32 дюйма на стену,0
кронштейн для телевизора lg 55 дюймов на стену,0
кронштейн для телевизора lg на стену купить,0
кронштейн для телевизора lg 65 дюймов,0
кронштейн для телевизора lg 50,0
кронштейн для телевизора lg на стену,0
кронштейн для телевизора lg 55,0
кронштейн для телевизора купить в днс,0
кронштейн для телевизора купить в алматы,0
кронштейн для телевизора купить в днр,0
кронштейн для телевизора купить в омске,0
кронштейн для телевизора купить в томске,0
кронштейн для телевизора купить в пензе,0
кронштейн для телевизора купить на озоне,0
кронштейн для телевизора купить в спб,0
кронштейн для телевизора купить в челябинске,0
повесить кронштейн для телевизора на стену цена,0
кронштейн для телевизора на стену цена,0
кронштейн для телевизора сколько стоит,0
кронштейн для телика,0
установить кронштейн для телевизора на стену цена,0
сколько стоит кронштейн для телевизора,0
сколько стоит кронштейн для телевизора на стену,0
сколько стоит установить кронштейн для телевизора на стену,0
сколько стоит повесить кронштейн для телевизора,0
мобильная стойка для телевизора окоф,0
мобильная стойка для телевизора 65 дюймов,0
мобильная стойка для телевизора 75 дюймов,0
мобильная стойка для телевизора ms-75,0
мобильная стойка для телевизора onkron ts2080,0
мобильная стойка для телевизора 85 дюймов,0
мобильная стойка для телевизора на колесиках,0
окпд 2 мобильная стойка для телевизора,0
мобильная стойка для телевизора 50 -100 onkron ts1991-b,0
