model_id,brand,model,title,series,model_year,diagonal_inches,passport_mass_kg,weight_basis,vesa_width_mm,vesa_height_mm,vesa_source_conflict,conflicting_catalog_value,conflicting_manual_value,conflict_note,checked_at,source_label,source_url,krepitv_model_url
akai-ta32bh500,AKAI,TA32BH500,AKAI TA32BH500,BH500,2024,32,3.35,with_stand,100,100,false,,,,2026-08-04,Официальные характеристики AKAI,https://akai.ru/index.php?product_id=292&route=product%2Fproduct,https://krepitv.ru/modeli/akai-ta32bh500/
asano-32lh1110t,Asano,32LH1110T,Asano 32LH1110T,LH1110T,,32,4.25,published_unspecified,200,100,false,,,,2026-08-05,"Руководство по эксплуатации Asano 32LH1110T, стр. 4–5",https://www.technopark.ru/photos/768718/instruction/instrukciya-televizor-asano-32lh1110t-768718.pdf,https://krepitv.ru/modeli/asano-32lh1110t/
bbk-32lem-1045-ts2c,BBK,32LEM-1045/TS2C,BBK 32LEM-1045/TS2C,LEM-1045,,31.5,3.3,with_stand,200,100,false,,,,2026-08-05,Официальная карточка BBK,https://bbk.ru/production/tv_audio_video/led_tv/32lem_1045_ts2c/,https://krepitv.ru/modeli/bbk-32lem-1045-ts2c/
bbk-32lem-1075-ts2c,BBK,32LEM-1075/TS2C,BBK 32LEM-1075/TS2C,LEM-1075,,31.5,3.2,with_stand,100,100,false,,,,2026-08-05,Официальная карточка BBK,https://bbk.ru/production/tv_audio_video/led_tv/32lem_1075_ts2c/,https://krepitv.ru/modeli/bbk-32lem-1075-ts2c/
bbk-32lex-7235-fts2c,BBK,32LEX-7235/FTS2C,BBK 32LEX-7235/FTS2C,LEX-7235,,32,3.35,with_stand,100,100,false,,,,2026-08-05,Официальная карточка BBK,https://bbk.ru/production/tv_audio_video/led_tv/32lex_7235_fts2c/,https://krepitv.ru/modeli/bbk-32lex-7235-fts2c/
bbk-32lex-7244-ts2c,BBK,32LEX-7244/TS2C,BBK 32LEX-7244/TS2C,LEX-7244,,31.5,3.2,with_stand,200,100,false,,,,2026-08-05,Официальная карточка BBK,https://bbk.ru/production/tv_audio_video/led_tv/32lex_7244_ts2c/,https://krepitv.ru/modeli/bbk-32lex-7244-ts2c/
bbk-40lem-1030-fts2c,BBK,40LEM-1030/FTS2C,BBK 40LEM-1030/FTS2C,LEM-1030,,40,4.5,with_stand,100,100,false,,,,2026-08-05,Официальная карточка BBK,https://bbk.ru/production/tv_audio_video/led_tv/40lem_1030_fts2c/,https://krepitv.ru/modeli/bbk-40lem-1030-fts2c/
bbk-43lex-7247-fts2c,BBK,43LEX-7247/FTS2C,BBK 43LEX-7247/FTS2C,LEX-7247,,43,6.2,with_stand,200,100,false,,,,2026-08-05,Официальная карточка BBK,https://bbk.ru/production/tv_audio_video/led_tv/43lex_7247_fts2c/,https://krepitv.ru/modeli/bbk-43lex-7247-fts2c/
blackton-bt-24fs34b,Blackton,Bt 24FS34B,Blackton Bt 24FS34B,FS34B,,24,2.1,published_unspecified,100,100,false,,,,2026-08-04,Официальные характеристики Blackton,https://www.blackton.tv/catalog/tv/bt-24fs34b/,https://krepitv.ru/modeli/blackton-bt-24fs34b/
bq-32f40b,BQ,32F40B,BQ 32F40B,F40B,,32,3.1,published_unspecified,100,100,false,,,,2026-08-04,Официальные характеристики BQ,https://bq.ru/catalog/televizory/vse-televizory/bq-32f40b/,https://krepitv.ru/modeli/bq-32f40b/
candy-uno-32,Candy,Uno 32,Candy Uno 32,Uno,,32,4,without_stand,200,100,false,,,,2026-08-05,"Руководство пользователя Candy Uno 32, стр. 7 и 23",https://manual.holod.ru/manual/337/1096211_8140811.pdf,https://krepitv.ru/modeli/candy-uno-32/
candy-uno-43-uhd,Candy,Uno 43 UHD,Candy Uno 43 UHD,Uno,,43,6.43,without_stand,200,200,false,,,,2026-08-05,"Руководство по эксплуатации Candy Uno 43 UHD, таблица спецификации, стр. 70",https://mcgrp.ru/files/viewer/1035282/70,https://krepitv.ru/modeli/candy-uno-43-uhd/
digma-dm-led32sbb39,DIGMA,DM-LED32SBB39,DIGMA DM-LED32SBB39,DM-LED,,32,3.6,without_stand,200,200,false,,,,2026-08-04,Официальные характеристики DIGMA,https://digma.ru/catalog/tv/tvs/dm-led32sbb39-2024401/,https://krepitv.ru/modeli/digma-dm-led32sbb39/
harper-24r470t,HARPER,24R470T,HARPER 24R470T,R470T,,24,2.3,published_unspecified,100,100,false,,,,2026-08-04,Официальные характеристики HARPER,https://harper.ru/24r470t/,https://krepitv.ru/modeli/harper-24r470t/
harper-32r670t,HARPER,32R670T,HARPER 32R670T,R670T,,32,3.5,published_unspecified,200,200,false,,,,2026-08-04,Официальные характеристики HARPER,https://harper.ru/32r670t/,https://krepitv.ru/modeli/harper-32r670t/
harper-40f720t,HARPER,40F720T,HARPER 40F720T,F720T,,40,4.8,published_unspecified,200,100,false,,,,2026-08-04,Официальные характеристики HARPER,https://harper.ru/40f720t/,https://krepitv.ru/modeli/harper-40f720t/
harper-43f670ts,HARPER,43F670TS,HARPER 43F670TS,F670TS,,43,5.3,published_unspecified,200,200,false,,,,2026-08-04,Официальные характеристики HARPER,https://harper.ru/43f670ts/,https://krepitv.ru/modeli/harper-43f670ts/
hi-hs-32f01fb,Hi,HS-32F01FB,Hi HS-32F01FB,HS,2025,32,3.6,without_stand,200,200,false,,,,2026-08-05,Официальная инструкция и карточка Hi на сайте владельца бренда,https://static.mvideo.ru/ins/400514044.pdf,https://krepitv.ru/modeli/hi-hs-32f01fb/
hi-ht-32h01fb,Hi,HT-32H01FB,Hi HT-32H01FB,HT,2024,32,3.3,without_stand,200,200,false,,,,2026-08-05,Официальная карточка Hi на сайте владельца бренда,https://www.mvideo.ru/bff/product-details?productId=10033074,https://krepitv.ru/modeli/hi-ht-32h01fb/
hi-hx-24h01fb,Hi,HX-24H01FB,Hi HX-24H01FB,HX,,24,2.2,published_unspecified,100,100,false,,,,2026-08-05,Официальная инструкция Hi,https://static.mvideo.ru/ins/10033080.pdf,https://krepitv.ru/modeli/hi-hx-24h01fb/
hi-hx-32h01fb,Hi,HX-32H01FB,Hi HX-32H01FB,HX,2024,32,3.3,without_stand,100,100,false,,,,2026-08-05,Официальная карточка Hi на сайте владельца бренда,https://www.mvideo.ru/bff/product-details?productId=10033073,https://krepitv.ru/modeli/hi-hx-32h01fb/
hi-hx-43f01fb,Hi,HX-43F01FB,Hi HX-43F01FB,HX,,43,5.4,published_unspecified,200,200,false,,,,2026-08-05,Официальная инструкция Hi,https://static.mvideo.ru/ins/10033083.pdf,https://krepitv.ru/modeli/hi-hx-43f01fb/
hi-hy-40f01fb,Hi,HY-40F01FB,Hi HY-40F01FB,HY,2024,40,4.5,without_stand,100,100,false,,,,2026-08-05,Официальная инструкция и карточка Hi на сайте владельца бренда,https://static.mvideo.ru/ins/10033082.pdf,https://krepitv.ru/modeli/hi-hy-40f01fb/
hisense-32a4s,Hisense,32A4S,Hisense 32A4S,A4S,2026,32,3.4,without_stand,100,100,false,,,,2026-08-04,Официальные российские характеристики Hisense,https://ru.hisense.com/catalog/tvs/32A4S/,https://krepitv.ru/modeli/hisense-32a4s/
hisense-32e44sl,Hisense,32E44SL,Hisense 32E44SL,E44SL,2026,32,3.4,without_stand,100,100,false,,,,2026-08-04,Официальные российские характеристики Hisense,https://ru.hisense.com/catalog/tvs/32E44SL/,https://krepitv.ru/modeli/hisense-32e44sl/
hisense-32e55sl,Hisense,32E55SL,Hisense 32E55SL,E55SL,2026,32,3.5,without_stand,100,100,false,,,,2026-08-04,Официальные российские характеристики Hisense,https://ru.hisense.com/catalog/tvs/32E55SL/,https://krepitv.ru/modeli/hisense-32e55sl/
hisense-40a4s,Hisense,40A4S,Hisense 40A4S,A4S,2026,40,4.7,without_stand,100,200,false,,,,2026-08-20,Официальная карточка Hisense 40A4S,https://ru.hisense.com/catalog/tvs/40A4S/,https://krepitv.ru/modeli/hisense-40a4s/
hisense-40e44sl,Hisense,40E44SL,Hisense 40E44SL,E44SL,2026,40,4.7,without_stand,100,200,false,,,,2026-08-20,Официальная карточка Hisense 40E44SL,https://ru.hisense.com/catalog/tvs/40E44SL/,https://krepitv.ru/modeli/hisense-40e44sl/
hisense-43e66sl,Hisense,43E66SL,Hisense 43E66SL,E66SL,2026,43,5.9,without_stand,200,300,false,,,,2026-08-04,Официальные российские характеристики Hisense,https://ru.hisense.com/catalog/tvs/43E66SL/,https://krepitv.ru/modeli/hisense-43e66sl/
hisense-43e7s,Hisense,43E7S,Hisense 43E7S,E7S,2026,43,5.9,without_stand,200,300,false,,,,2026-07-30,Официальные характеристики Hisense,https://ru.hisense.com/catalog/tvs/43E7S/,https://krepitv.ru/modeli/hisense-43e7s/
hisense-50e77sl-pro,Hisense,50E77SL PRO,Hisense 50E77SL PRO,E77SL PRO,2026,50,10.1,without_stand,400,300,false,,,,2026-08-05,Официальные характеристики Hisense 50E77SL PRO,https://ru.hisense.com/catalog/tvs/50E77SLPRO/,https://krepitv.ru/modeli/hisense-50e77sl-pro/
hisense-50e7s,Hisense,50E7S,Hisense 50E7S,E7S,2026,50,8,without_stand,200,400,false,,,,2026-07-30,Официальные характеристики Hisense,https://ru.hisense.com/catalog/tvs/50E7S/,https://krepitv.ru/modeli/hisense-50e7s/
hisense-50u77sl,Hisense,50U77SL,Hisense 50U77SL,U77SL,2026,50,10.6,without_stand,400,300,false,,,,2026-07-30,Официальные характеристики Hisense,https://ru.hisense.com/catalog/tvs/50U77SL/,https://krepitv.ru/modeli/hisense-50u77sl/
hisense-55e77sl,Hisense,55E77SL,Hisense 55E77SL,E77SL,2026,55,9.3,without_stand,200,400,false,,,,2026-07-30,Официальные характеристики Hisense,https://ru.hisense.com/catalog/tvs/55E77SL/,https://krepitv.ru/modeli/hisense-55e77sl/
hisense-55e7s,Hisense,55E7S,Hisense 55E7S,E7S,2026,55,9.3,without_stand,200,400,false,,,,2026-07-30,Официальные характеристики Hisense,https://ru.hisense.com/catalog/tvs/55E7S/,https://krepitv.ru/modeli/hisense-55e7s/
hisense-55u7q,Hisense,55U7Q,Hisense 55U7Q,U7Q,2025,55,14,without_stand,400,200,false,,,,2026-07-30,Официальные российские характеристики Hisense,https://ru.hisense.com/catalog/tvs/55U7Q/,https://krepitv.ru/modeli/hisense-55u7q/
hisense-55u7s,Hisense,55U7S,Hisense 55U7S,U7S,2026,55,13.6,without_stand,200,300,false,,,,2026-07-30,Официальные характеристики Hisense,https://ru.hisense.com/catalog/tvs/55U7S/,https://krepitv.ru/modeli/hisense-55u7s/
hisense-55u7s-pro,Hisense,55U7S PRO,Hisense 55U7S PRO,U7S PRO,2026,55,14.1,without_stand,400,300,true,400×300 мм,400×400 мм,До монтажа измерьте расстояние между центрами отверстий или сверьте бумажную инструкцию именно вашего экземпляра.,2026-07-30,Официальные характеристики Hisense,https://ru.hisense.com/catalog/tvs/55U7SPRO/,https://krepitv.ru/modeli/hisense-55u7s-pro/
hisense-55u8q,Hisense,55U8Q,Hisense 55U8Q,U8Q,2025,55,17.9,without_stand,400,400,false,,,,2026-07-30,Официальные российские характеристики Hisense,https://ru.hisense.com/catalog/tvs/55U8Q/,https://krepitv.ru/modeli/hisense-55u8q/
hisense-65u77sl,Hisense,65U77SL,Hisense 65U77SL,U77SL,2026,65,18.6,without_stand,400,300,false,,,,2026-07-30,Официальные российские характеристики Hisense,https://ru.hisense.com/catalog/tvs/65U77SL/,https://krepitv.ru/modeli/hisense-65u77sl/
hisense-65u7q,Hisense,65U7Q,Hisense 65U7Q,U7Q,2025,65,19.5,without_stand,400,400,false,,,,2026-07-30,Официальные российские характеристики Hisense,https://ru.hisense.com/catalog/tvs/65U7Q/,https://krepitv.ru/modeli/hisense-65u7q/
hisense-65u7s,Hisense,65U7S,Hisense 65U7S,U7S,2026,65,18.6,without_stand,400,300,false,,,,2026-07-30,Официальные характеристики Hisense,https://ru.hisense.com/catalog/tvs/65U7S/,https://krepitv.ru/modeli/hisense-65u7s/
hisense-65u8q,Hisense,65U8Q,Hisense 65U8Q,U8Q,2025,65,24.4,without_stand,400,400,false,,,,2026-07-30,Официальные российские характеристики Hisense,https://ru.hisense.com/catalog/tvs/65U8Q/,https://krepitv.ru/modeli/hisense-65u8q/
hisense-65ur9s,Hisense,65UR9S,Hisense 65UR9S,UR9S,2026,65,24.4,without_stand,400,400,false,,,,2026-07-30,Официальные российские характеристики Hisense,https://ru.hisense.com/catalog/tvs/65UR9S/,https://krepitv.ru/modeli/hisense-65ur9s/
hisense-75u7q,Hisense,75U7Q,Hisense 75U7Q,U7Q,2025,75,27.5,without_stand,600,400,false,,,,2026-07-30,Официальные российские характеристики Hisense,https://ru.hisense.com/catalog/tvs/75U7Q/,https://krepitv.ru/modeli/hisense-75u7q/
hisense-85e7s,Hisense,85E7S,Hisense 85E7S,E7S,2026,85,26.9,without_stand,500,400,false,,,,2026-08-04,Официальные российские характеристики Hisense,https://ru.hisense.com/catalog/tvs/85E7S/,https://krepitv.ru/modeli/hisense-85e7s/
hyundai-h-led32bs5002,Hyundai,H-LED32BS5002,Hyundai H-LED32BS5002,BS5002,,32,3.9,published_unspecified,200,200,false,,,,2026-08-04,Официальные характеристики Hyundai,https://hyundai-electronics.com.ru/catalog/item/hyundai-H-LED32BS5002-1892510/,https://krepitv.ru/modeli/hyundai-h-led32bs5002/
hyundai-h-led32bs5003,Hyundai,H-LED32BS5003,Hyundai H-LED32BS5003,BS5003,,32,4,published_unspecified,200,200,false,,,,2026-08-04,Официальные характеристики Hyundai,https://hyundai-electronics.com.ru/catalog/item/hyundai-H-LED32BS5003-1783621/,https://krepitv.ru/modeli/hyundai-h-led32bs5003/
hyundai-h-led40bs5011,Hyundai,H-LED40BS5011,Hyundai H-LED40BS5011,BS5011,2026,40,4.7,without_stand,200,200,false,,,,2026-08-04,Официальные характеристики Hyundai,https://hyundai-electronics.com.ru/catalog/item/hyundai-H-LED40BS5011-2125094/,https://krepitv.ru/modeli/hyundai-h-led40bs5011/
lg-32lq63006la,LG,32LQ63006LA,LG 32LQ63006LA,LQ6300,2022,32,4.65,without_stand,200,200,false,,,,2026-08-04,Официальные характеристики LG,https://www.lg.com/ru/televisions/lg-32lq63006la,https://krepitv.ru/modeli/lg-32lq63006la/
lg-32lq630b6la,LG,32LQ630B6LA,LG 32LQ630B6LA,LQ630,2022,32,4.65,without_stand,200,200,false,,,,2026-08-04,Официальные характеристики LG,https://www.lg.com/at/tv-soundbars/smart-tvs/32lq630b6la/,https://krepitv.ru/modeli/lg-32lq630b6la/
lg-32lq63806lc,LG,32LQ63806LC,LG 32LQ63806LC,LQ6380,2022,32,4.65,without_stand,200,200,false,,,,2026-08-04,Официальные характеристики LG,https://www.lg.com/rs/televizori/lg-32lq63806lc,https://krepitv.ru/modeli/lg-32lq63806lc/
lg-43qned70a6a,LG,43QNED70A6A,LG 43QNED70A6A,QNED70,2025,43,7.5,without_stand,200,200,false,,,,2026-07-30,Официальные российские характеристики LG,https://www.lg.com/ru/televisions/lg-43qned70a6a,https://krepitv.ru/modeli/lg-43qned70a6a/
lg-43qned80a6a,LG,43QNED80A6A,LG 43QNED80A6A,QNED80,2025,43,9.3,without_stand,200,200,false,,,,2026-07-30,Официальные российские характеристики LG,https://www.lg.com/ru/televisions/lg-43qned80a6a,https://krepitv.ru/modeli/lg-43qned80a6a/
lg-43qned80b6b,LG,43QNED80B6B,LG 43QNED80B6B,QNED80,2026,43,7.3,without_stand,200,200,false,,,,2026-07-30,Официальные характеристики LG,https://www.lg.com/ru/televisions/lg-43qned80b6b,https://krepitv.ru/modeli/lg-43qned80b6b/
lg-43qned82a6b,LG,43QNED82A6B,LG 43QNED82A6B,QNED82,2025,43,9.4,without_stand,200,200,false,,,,2026-07-30,Официальные российские характеристики LG,https://www.lg.com/ru/televisions/lg-43qned82a6b,https://krepitv.ru/modeli/lg-43qned82a6b/
lg-50nano81a6a,LG,50NANO81A6A,LG 50NANO81A6A,NANO81,2025,50,12.1,without_stand,200,200,false,,,,2026-08-04,Официальные характеристики LG,https://www.lg.com/ua/televisions/lg-50nano81a6a,https://krepitv.ru/modeli/lg-50nano81a6a/
lg-50qned70b6c,LG,50QNED70B6C,LG 50QNED70B6C,QNED70,2026,50,8.2,without_stand,300,200,false,,,,2026-08-20,Официальная карточка LG 50QNED70B6C,https://www.lg.com/ru/televisions/lg-50qned70b6c,https://krepitv.ru/modeli/lg-50qned70b6c/
lg-50qned80b6b,LG,50QNED80B6B,LG 50QNED80B6B,QNED80,2026,50,9.4,without_stand,200,200,false,,,,2026-07-30,Официальные характеристики LG,https://www.lg.com/ru/televisions/lg-50qned80b6b,https://krepitv.ru/modeli/lg-50qned80b6b/
lg-50qned82a6b,LG,50QNED82A6B,LG 50QNED82A6B,QNED82,2025,50,12.2,without_stand,200,200,false,,,,2026-07-30,Официальные российские характеристики LG,https://www.lg.com/ru/televisions/lg-50qned82a6b,https://krepitv.ru/modeli/lg-50qned82a6b/
lg-50qned85b6a,LG,50QNED85B6A,LG 50QNED85B6A,QNED85,2026,50,12.6,without_stand,200,200,false,,,,2026-07-30,Официальные характеристики LG,https://www.lg.com/ru/televisions/lg-50qned85b6a,https://krepitv.ru/modeli/lg-50qned85b6a/
lg-55qned83b6a,LG,55QNED83B6A,LG 55QNED83B6A,QNED83,2026,55,12.8,without_stand,300,200,false,,,,2026-07-30,Официальные характеристики LG,https://www.lg.com/ru/televisions/lg-55qned83b6a,https://krepitv.ru/modeli/lg-55qned83b6a/
lg-55qned85b6c,LG,55QNED85B6C,LG 55QNED85B6C,QNED85,2026,55,14.5,without_stand,300,300,false,,,,2026-07-30,Официальные характеристики LG,https://www.lg.com/ru/televisions/lg-55qned85b6c,https://krepitv.ru/modeli/lg-55qned85b6c/
lg-55qned86a6a,LG,55QNED86A6A,LG 55QNED86A6A,QNED86,2025,55,15.5,without_stand,300,300,false,,,,2026-07-30,Официальные характеристики LG,https://www.lg.com/ru/televisions/lg-55qned86a6a,https://krepitv.ru/modeli/lg-55qned86a6a/
lg-55qned93a6a,LG,55QNED93A6A,LG 55QNED93A6A,QNED93,2025,55,12.5,without_stand,300,300,false,,,,2026-07-30,Официальные российские характеристики LG,https://www.lg.com/ru/televisions/lg-55qned93a6a,https://krepitv.ru/modeli/lg-55qned93a6a/
lg-65qned80a6a,LG,65QNED80A6A,LG 65QNED80A6A,QNED80,2025,65,22.5,without_stand,300,300,false,,,,2026-07-30,Официальные российские характеристики LG,https://www.lg.com/ru/televisions/lg-65qned80a6a,https://krepitv.ru/modeli/lg-65qned80a6a/
lg-65qned86a6a,LG,65QNED86A6A,LG 65QNED86A6A,QNED86,2025,65,22.5,without_stand,300,300,false,,,,2026-07-30,Официальные характеристики LG,https://www.lg.com/ru/televisions/lg-65qned86a6a,https://krepitv.ru/modeli/lg-65qned86a6a/
lg-oled42c5rla,LG,OLED42C5RLA,LG OLED42C5RLA,OLED C5,2025,42,9.8,without_stand,300,200,false,,,,2026-07-30,Официальные российские характеристики LG,https://www.lg.com/ru/televisions/lg-oled42c5rla,https://krepitv.ru/modeli/lg-oled42c5rla/
lg-oled48c5rla,LG,OLED48C5RLA,LG OLED48C5RLA,OLED C5,2025,48,14.9,without_stand,300,200,false,,,,2026-07-30,Официальные российские характеристики LG,https://www.lg.com/ru/televisions/lg-oled48c5rla,https://krepitv.ru/modeli/lg-oled48c5rla/
lg-oled55b5rla,LG,OLED55B5RLA,LG OLED55B5RLA,OLED B5,2025,55,14.3,without_stand,300,200,false,,,,2026-07-30,Официальные российские характеристики LG,https://www.lg.com/ru/televisions/lg-oled55b5rla,https://krepitv.ru/modeli/lg-oled55b5rla/
lg-oled55c4rla,LG,OLED55C4RLA,LG OLED55C4RLA,OLED C4,2024,55,14.1,without_stand,300,200,false,,,,2026-07-30,Официальные характеристики LG,https://www.lg.com/ru/televisions/lg-oled55c4rla,https://krepitv.ru/modeli/lg-oled55c4rla/
lg-oled55c5rla,LG,OLED55C5RLA,LG OLED55C5RLA,OLED C5,2025,55,14.1,without_stand,300,200,false,,,,2026-07-30,Официальные характеристики LG,https://www.lg.com/ru/televisions/lg-oled55c5rla,https://krepitv.ru/modeli/lg-oled55c5rla/
lg-oled55g5rla,LG,OLED55G5RLA,LG OLED55G5RLA,OLED G5,2025,55,16.8,without_stand,300,200,false,,,,2026-07-30,Официальные российские характеристики LG,https://www.lg.com/ru/televisions/lg-oled55g5rla,https://krepitv.ru/modeli/lg-oled55g5rla/
lg-oled65c5rla,LG,OLED65C5RLA,LG OLED65C5RLA,OLED C5,2025,65,16.6,without_stand,300,200,false,,,,2026-07-30,Официальные российские характеристики LG,https://www.lg.com/ru/televisions/lg-oled65c5rla,https://krepitv.ru/modeli/lg-oled65c5rla/
philips-50pud7029,Philips,50PUD7029/71,Philips 50PUD7029/71,7000 series,,50,9,without_stand,300,300,false,,,,2026-08-04,Официальный паспорт Philips,https://www.documents.philips.com/assets/20240206/ccf74d9fb1344aa1a8b1b10e0100a682.pdf,https://krepitv.ru/modeli/philips-50pud7029/
samsung-qe43q7faauxru,Samsung,QE43Q7FAAUXRU,Samsung QE43Q7FAAUXRU,Q7F,2025,43,7.1,without_stand,200,200,false,,,,2026-07-30,Официальные характеристики Samsung,https://www.samsung.com/ru/tvs/qled-tv/q7f-43-inch-qled-4k-smart-tv-qe43q7faauxru/,https://krepitv.ru/modeli/samsung-qe43q7faauxru/
samsung-qe43q8faauxru,Samsung,QE43Q8FAAUXRU,Samsung QE43Q8FAAUXRU,Q8F,2025,43,7.9,without_stand,200,200,false,,,,2026-07-30,Официальные российские характеристики Samsung,https://www.samsung.com/ru/tvs/qled-tv/q8f-43-inch-qled-4k-smart-tv-qe43q8faauxru/,https://krepitv.ru/modeli/samsung-qe43q8faauxru/
samsung-qe43qef1auxru,Samsung,QE43QEF1AUXRU,Samsung QE43QEF1AUXRU,QEF1,2025,43,7.1,without_stand,200,200,false,,,,2026-07-30,Официальные российские характеристики Samsung,https://www.samsung.com/ru/tvs/qled-tv/qef1-43-inch-qled-4k-smart-tv-qe43qef1auxru/,https://krepitv.ru/modeli/samsung-qe43qef1auxru/
samsung-qe43qn90fauxru,Samsung,QE43QN90FAUXRU,Samsung QE43QN90FAUXRU,QN90F,2025,43,9.4,without_stand,200,200,false,,,,2026-07-30,Официальные российские характеристики Samsung,https://www.samsung.com/ru/tvs/qled-tv/qn90f-43-inch-neo-qled-4k-mini-led-smart-tv-qe43qn90fauxru/,https://krepitv.ru/modeli/samsung-qe43qn90fauxru/
samsung-qe50q7faauxru,Samsung,QE50Q7FAAUXRU,Samsung QE50Q7FAAUXRU,Q7F,2025,50,9.6,without_stand,200,200,false,,,,2026-07-30,Официальные характеристики Samsung,https://www.samsung.com/ru/tvs/qled-tv/q7f-50-inch-qled-4k-smart-tv-qe50q7faauxru/,https://krepitv.ru/modeli/samsung-qe50q7faauxru/
samsung-qe50qn90fauxru,Samsung,QE50QN90FAUXRU,Samsung QE50QN90FAUXRU,QN90F,2025,50,13.5,without_stand,200,200,false,,,,2026-07-30,Официальные российские характеристики Samsung,https://www.samsung.com/ru/tvs/qled-tv/qn90f-50-inch-neo-qled-4k-mini-led-smart-tv-qe50qn90fauxru/,https://krepitv.ru/modeli/samsung-qe50qn90fauxru/
samsung-qe55q70dauxru,Samsung,QE55Q70DAUXRU,Samsung QE55Q70DAUXRU,Q70D,2024,55,15.3,without_stand,200,200,false,,,,2026-07-30,Официальные характеристики Samsung,https://www.samsung.com/ru/tvs/qled-tv/q70d-55-inch-qled-4k-tizen-os-smart-tv-qe55q70dauxru/,https://krepitv.ru/modeli/samsung-qe55q70dauxru/
samsung-qe55q7f5auxru,Samsung,QE55Q7F5AUXRU,Samsung QE55Q7F5AUXRU,Q7F5,2025,55,10.8,without_stand,200,200,false,,,,2026-07-30,Официальные характеристики Samsung,https://www.samsung.com/ru/tvs/qled-tv/q7f-55-inch-qled-4k-smart-tv-qe55q7f5auxru/,https://krepitv.ru/modeli/samsung-qe55q7f5auxru/
samsung-qe55q7faauxru,Samsung,QE55Q7FAAUXRU,Samsung QE55Q7FAAUXRU,Q7FA,2025,55,11.3,without_stand,200,200,false,,,,2026-07-30,Официальные российские характеристики Samsung,https://www.samsung.com/ru/tvs/qled-tv/q7f-55-inch-qled-4k-smart-tv-qe55q7faauxru/,https://krepitv.ru/modeli/samsung-qe55q7faauxru/
samsung-qe55qn70fauxru,Samsung,QE55QN70FAUXRU,Samsung QE55QN70FAUXRU,QN70F,2025,55,14.2,without_stand,200,200,false,,,,2026-07-30,Официальные российские характеристики Samsung,https://www.samsung.com/ru/tvs/qled-tv/qn70f-55-inch-neo-qled-4k-mini-led-smart-tv-qe55qn70fauxru/,https://krepitv.ru/modeli/samsung-qe55qn70fauxru/
samsung-qe55s85faexru,Samsung,QE55S85FAEXRU,Samsung QE55S85FAEXRU,S85F,2025,55,13,without_stand,300,200,false,,,,2026-07-30,Официальные российские характеристики Samsung,https://www.samsung.com/ru/tvs/oled-tv/s85f-55-inch-oled-4k-smart-tv-qe55s85faexru/,https://krepitv.ru/modeli/samsung-qe55s85faexru/
samsung-qe55s90fauxru,Samsung,QE55S90FAUXRU,Samsung QE55S90FAUXRU,S90F,2025,55,16,without_stand,300,200,false,,,,2026-07-30,Официальные российские характеристики Samsung,https://www.samsung.com/ru/tvs/oled-tv/s90f-55-inch-oled-4k-smart-tv-qe55s90fauxru/,https://krepitv.ru/modeli/samsung-qe55s90fauxru/
samsung-qe65q7faauxru,Samsung,QE65Q7FAAUXRU,Samsung QE65Q7FAAUXRU,Q7F,2025,65,16.7,without_stand,400,300,false,,,,2026-07-30,Официальные характеристики Samsung,https://www.samsung.com/ru/tvs/qled-tv/q7f-65-inch-qled-4k-smart-tv-qe65q7faauxru/,https://krepitv.ru/modeli/samsung-qe65q7faauxru/
samsung-qe65qn70fauxru,Samsung,QE65QN70FAUXRU,Samsung QE65QN70FAUXRU,QN70F,2025,65,20.8,without_stand,400,300,false,,,,2026-07-30,Официальные российские характеристики Samsung,https://www.samsung.com/ru/tvs/qled-tv/qn70f-65-inch-neo-qled-4k-mini-led-smart-tv-qe65qn70fauxru/,https://krepitv.ru/modeli/samsung-qe65qn70fauxru/
samsung-qe65s85faexru,Samsung,QE65S85FAEXRU,Samsung QE65S85FAEXRU,S85F,2025,65,17.4,without_stand,300,200,false,,,,2026-07-30,Официальные характеристики Samsung,https://www.samsung.com/ru/tvs/oled-tv/s85f-65-inch-oled-4k-smart-tv-qe65s85faexru/,https://krepitv.ru/modeli/samsung-qe65s85faexru/
samsung-qe65s90faexru,Samsung,QE65S90FAEXRU,Samsung QE65S90FAEXRU,S90F,2025,65,19.1,without_stand,300,200,false,,,,2026-07-30,Официальные российские характеристики Samsung,https://www.samsung.com/ru/tvs/oled-tv/s90f-65-inch-oled-4k-smart-tv-qe65s90faexru/,https://krepitv.ru/modeli/samsung-qe65s90faexru/
samsung-qe75q7faauxru,Samsung,QE75Q7FAAUXRU,Samsung QE75Q7FAAUXRU,Q7FA,2025,75,25.3,without_stand,400,400,false,,,,2026-07-30,Официальные российские характеристики Samsung,https://www.samsung.com/ru/tvs/qled-tv/q7f-75-inch-qled-4k-smart-tv-qe75q7faauxru/,https://krepitv.ru/modeli/samsung-qe75q7faauxru/
samsung-qe77s85faexru,Samsung,QE77S85FAEXRU,Samsung QE77S85FAEXRU,S85F,2025,77,28.1,without_stand,400,300,false,,,,2026-07-30,Официальные российские характеристики Samsung,https://www.samsung.com/ru/tvs/oled-tv/s85f-77-inch-oled-4k-smart-tv-qe77s85faexru/,https://krepitv.ru/modeli/samsung-qe77s85faexru/
samsung-qe85q7faauxru,Samsung,QE85Q7FAAUXRU,Samsung QE85Q7FAAUXRU,Q7FA,2025,85,32.5,without_stand,600,400,false,,,,2026-07-30,Официальные российские характеристики Samsung,https://www.samsung.com/ru/tvs/qled-tv/q7f-85-inch-qled-4k-smart-tv-qe85q7faauxru/,https://krepitv.ru/modeli/samsung-qe85q7faauxru/
samsung-qe85qef1auxru,Samsung,QE85QEF1AUXRU,Samsung QE85QEF1AUXRU,QEF1,2025,85,32.5,without_stand,600,400,false,,,,2026-08-04,Официальные российские характеристики Samsung,https://www.samsung.com/ru/tvs/qled-tv/qef1-85-inch-qled-4k-smart-tv-qe85qef1auxru/,https://krepitv.ru/modeli/samsung-qe85qef1auxru/
samsung-ue32f6000fuxru,Samsung,UE32F6000FUXRU,Samsung UE32F6000FUXRU,F6000F,2025,32,3.9,without_stand,200,200,false,,,,2026-07-30,Официальные характеристики Samsung,https://www.samsung.com/ru/tvs/full-hd-tv/f6000-32-inch-ue32f6000fuxru/,https://krepitv.ru/modeli/samsung-ue32f6000fuxru/
samsung-ue32h5000fuxru,Samsung,UE32H5000FUXRU,Samsung UE32H5000FUXRU,H5000,2025,32,3.8,without_stand,200,200,false,,,,2026-08-04,Официальные российские характеристики Samsung,https://www.samsung.com/ru/tvs/hd-tv/h5000-32-inch-ue32h5000fuxru/,https://krepitv.ru/modeli/samsung-ue32h5000fuxru/
samsung-ue43f6000fuxru,Samsung,UE43F6000FUXRU,Samsung UE43F6000FUXRU,F6000F,2025,43,6.5,without_stand,200,200,false,,,,2026-07-30,Официальные российские характеристики Samsung,https://www.samsung.com/ru/tvs/full-hd-tv/f6000-43-inch-ue43f6000fuxru/,https://krepitv.ru/modeli/samsung-ue43f6000fuxru/
samsung-ue43u8000fuxru,Samsung,UE43U8000FUXRU,Samsung UE43U8000FUXRU,U8000F,2025,43,6.4,without_stand,200,200,false,,,,2026-07-30,Официальные характеристики Samsung,https://www.samsung.com/ru/tvs/uhd-4k-tv/u8000f-43-inch-crystal-uhd-4k-smart-tv-ue43u8000fuxru/,https://krepitv.ru/modeli/samsung-ue43u8000fuxru/
samsung-ue50u8000fuxru,Samsung,UE50U8000FUXRU,Samsung UE50U8000FUXRU,U8000F,2025,50,8.3,without_stand,200,200,false,,,,2026-07-30,Официальные характеристики Samsung,https://www.samsung.com/ru/tvs/uhd-4k-tv/u8000f-50-inch-crystal-uhd-4k-smart-tv-ue50u8000fuxru/,https://krepitv.ru/modeli/samsung-ue50u8000fuxru/
samsung-ue55du7100uxru,Samsung,UE55DU7100UXRU,Samsung UE55DU7100UXRU,DU7100,2024,55,11.2,without_stand,200,200,false,,,,2026-08-04,Официальные характеристики Samsung Россия,https://www.samsung.com/ru/tvs/uhd-4k-tv/du7000-55-inch-crystal-uhd-4k-tizen-os-smart-tv-ue55du7100uxru/,https://krepitv.ru/modeli/samsung-ue55du7100uxru/
samsung-ue55u8000fuxru,Samsung,UE55U8000FUXRU,Samsung UE55U8000FUXRU,U8000F,2025,55,9.6,without_stand,200,200,false,,,,2026-07-30,Официальные характеристики Samsung,https://www.samsung.com/ru/tvs/uhd-4k-tv/u8000f-55-inch-crystal-uhd-4k-smart-tv-ue55u8000fuxru/,https://krepitv.ru/modeli/samsung-ue55u8000fuxru/
samsung-ue65u8000fuxru,Samsung,UE65U8000FUXRU,Samsung UE65U8000FUXRU,U8000F,2025,65,14.2,without_stand,200,200,false,,,,2026-07-30,Официальные характеристики Samsung,https://www.samsung.com/ru/tvs/uhd-4k-tv/u8000f-65-inch-crystal-uhd-4k-smart-tv-ue65u8000fuxru/,https://krepitv.ru/modeli/samsung-ue65u8000fuxru/
samsung-ue75u8000fuxru,Samsung,UE75U8000FUXRU,Samsung UE75U8000FUXRU,U8000F,2025,75,22.4,without_stand,400,300,false,,,,2026-07-30,Официальные российские характеристики Samsung,https://www.samsung.com/ru/tvs/uhd-4k-tv/u8000f-75-inch-crystal-uhd-4k-smart-tv-ue75u8000fuxru/,https://krepitv.ru/modeli/samsung-ue75u8000fuxru/
samsung-ue85u8000fuxru,Samsung,UE85U8000FUXRU,Samsung UE85U8000FUXRU,U8000F,2025,85,28.7,without_stand,400,300,false,,,,2026-07-30,Официальные российские характеристики Samsung,https://www.samsung.com/ru/tvs/uhd-4k-tv/u8000f-85-inch-crystal-uhd-4k-smart-tv-ue85u8000fuxru/,https://krepitv.ru/modeli/samsung-ue85u8000fuxru/
sber-sdx-32f2139,Sber,SDX-32F2139,Sber SDX-32F2139,SDX,,32,3.2,without_stand,100,100,false,,,,2026-08-04,Официальные характеристики SberDevices,https://sberdevices.ru/shop/product/sdx_32f2139/,https://krepitv.ru/modeli/sber-sdx-32f2139/
sber-sdx-32f3112,Sber,SDX-32F3112,Sber SDX-32F3112,SDX,,32,3.2,without_stand,100,100,false,,,,2026-08-04,Официальные характеристики SberDevices,https://sberdevices.ru/shop/product/sdx_32f3112/,https://krepitv.ru/modeli/sber-sdx-32f3112/
sber-sdx-32h3113,Sber,SDX-32H3113,Sber SDX-32H3113,SDX,,32,3.2,without_stand,100,100,false,,,,2026-08-04,Официальные характеристики SberDevices,https://sberdevices.ru/shop/product/sdx_32h3113/,https://krepitv.ru/modeli/sber-sdx-32h3113/
sber-sdx-32h3114,Sber,SDX-32H3114,Sber SDX-32H3114,SDX,,32,3.3,without_stand,100,100,false,,,,2026-08-04,Официальные характеристики SberDevices,https://sberdevices.ru/shop/product/sdx_32h3114/,https://krepitv.ru/modeli/sber-sdx-32h3114/
sber-sdx-43f3000dba,Sber,SDX-43F3000DBA,Sber SDX-43F3000DBA,SDX,,43,5.2,without_stand,200,200,false,,,,2026-08-04,Официальные характеристики SberDevices,https://sberdevices.ru/shop/product/sdx_43f3000dba/,https://krepitv.ru/modeli/sber-sdx-43f3000dba/
skyline-43lst6575,SkyLine,43LST6575,SkyLine 43LST6575,LST6575,,43,6.2,published_unspecified,200,200,false,,,,2026-08-05,"Руководство по эксплуатации SkyLine 43LST6575, стр. 27",https://manual.holod.ru/manual/337/908753_17023065.pdf,https://krepitv.ru/modeli/skyline-43lst6575/
starwind-sw-led24sg304,Starwind,SW-LED24SG304,Starwind SW-LED24SG304,SW-LED,,24,2.9,without_stand,200,100,false,,,,2026-08-04,Официальные характеристики Starwind,https://starwind.com.ru/catalog/item/1875241/,https://krepitv.ru/modeli/starwind-sw-led24sg304/
starwind-sw-led32bg200,Starwind,SW-LED32BG200,Starwind SW-LED32BG200,SW-LED,,32,3.8,without_stand,200,200,false,,,,2026-08-04,Официальные характеристики Starwind,https://starwind.com.ru/catalog/item/1779075/,https://krepitv.ru/modeli/starwind-sw-led32bg200/
starwind-sw-led40sg300,Starwind,SW-LED40SG300,Starwind SW-LED40SG300,SW-LED,,40,5.8,without_stand,200,200,false,,,,2026-08-04,Официальные характеристики Starwind,https://starwind.com.ru/catalog/item/1779078/,https://krepitv.ru/modeli/starwind-sw-led40sg300/
tcl-32a400-pro,TCL,32A400 PRO,TCL 32A400 PRO,A400 PRO,2026,32,4.66,without_stand,100,100,false,,,,2026-07-30,Официальные глобальные характеристики TCL,https://www.tcl.com/global/en/tvs/32a400-pro,https://krepitv.ru/modeli/tcl-32a400-pro/
tcl-32s4k,TCL,32S4K,TCL 32S4K,S4K,2025,32,3.19,without_stand,100,100,false,,,,2026-08-20,Официальные характеристики TCL 32S4K,https://www.tcl.com/content/brandsite/ru/ru/tvs/s4k/jcr:content/root/container/container/container/subnav_menus/specifications1/product_spec.L2NvbnRlbnQvYnJhbmRzaXRlLXByb2R1Y3QvcnUvcnUvdHZzL3M0ay9zNGs=.json,https://krepitv.ru/modeli/tcl-32s4k/
tcl-43p7l,TCL,43P7L,TCL 43P7L,P7L,2026,43,6.6,without_stand,200,100,false,,,,2026-08-20,Официальные характеристики TCL 43P7L,https://www.tcl.com/content/brandsite/ru/ru/tvs/p7l/jcr:content/root/container/container/container/subnav_menus/specifications1/product_spec.L2NvbnRlbnQvYnJhbmRzaXRlLXByb2R1Y3QvcnUvcnUvdHZzL3A3bC81NXA3bA==.json,https://krepitv.ru/modeli/tcl-43p7l/
tcl-43s5k,TCL,43S5K,TCL 43S5K,S5K,2025,43,5.02,without_stand,100,100,false,,,,2026-07-30,Официальные характеристики TCL для точной модели,https://www.tcl.com/ru/ru/tvs/s5k,https://krepitv.ru/modeli/tcl-43s5k/
tcl-50p7l,TCL,50P7L,TCL 50P7L,P7L,2026,50,8.7,without_stand,300,300,false,,,,2026-08-04,Официальные характеристики TCL Россия,https://www.tcl.com/content/brandsite/ru/ru/tvs/p7l/jcr:content/root/container/container/container/subnav_menus/specifications1/product_spec.L2NvbnRlbnQvYnJhbmRzaXRlLXByb2R1Y3QvcnUvcnUvdHZzL3A3bC80M3A3bA==.json,https://krepitv.ru/modeli/tcl-50p7l/
tcl-50v6c,TCL,50V6C,TCL 50V6C,V6C,2025,50,7.2,without_stand,200,200,false,,,,2026-08-04,Официальные российские характеристики TCL,https://www.tcl.com/ru/ru/tvs/v6c,https://krepitv.ru/modeli/tcl-50v6c/
tcl-55c6k,TCL,55C6K,TCL 55C6K,C6K,2025,55,12.2,without_stand,300,300,false,,,,2026-07-30,Официальные российские характеристики TCL,https://www.tcl.com/ru/ru/tvs/55c6k,https://krepitv.ru/modeli/tcl-55c6k/
tcl-55c745,TCL,55C745,TCL 55C745,C745,2023,55,13.2,without_stand,400,300,false,,,,2026-07-30,Официальные характеристики TCL для точной модели,https://www.tcl.com/ru/ru/tvs/c745,https://krepitv.ru/modeli/tcl-55c745/
tcl-55c755,TCL,55C755,TCL 55C755,C755,2023,55,13,without_stand,400,300,false,,,,2026-07-30,Официальные российские характеристики TCL,https://www.tcl.com/ru/ru/tvs/c755,https://krepitv.ru/modeli/tcl-55c755/
tcl-55c765,TCL,55C765,TCL 55C765,C765,2024,55,13.3,without_stand,400,300,false,,,,2026-07-30,Официальные российские характеристики TCL,https://www.tcl.com/ru/ru/tvs/c765,https://krepitv.ru/modeli/tcl-55c765/
tcl-55c7k,TCL,55C7K,TCL 55C7K,C7K,2025,55,13.3,without_stand,300,300,false,,,,2026-07-30,Официальные российские характеристики TCL,https://www.tcl.com/ru/ru/tvs/55c7k,https://krepitv.ru/modeli/tcl-55c7k/
tcl-55c7l,TCL,55C7L,TCL 55C7L,C7L,2026,55,13.3,without_stand,300,300,false,,,,2026-07-30,Официальные характеристики TCL для точной модели,https://www.tcl.com/ru/ru/tvs/55c7l,https://krepitv.ru/modeli/tcl-55c7l/
tcl-55p6k,TCL,55P6K,TCL 55P6K,P6K,2025,55,9,without_stand,200,200,false,,,,2026-07-30,Официальные российские характеристики TCL,https://www.tcl.com/ru/ru/tvs/p6k,https://krepitv.ru/modeli/tcl-55p6k/
tcl-55p7k,TCL,55P7K,TCL 55P7K,P7K,2025,55,10.5,without_stand,300,300,false,,,,2026-07-30,Официальные российские характеристики TCL,https://www.tcl.com/ru/ru/tvs/p7k,https://krepitv.ru/modeli/tcl-55p7k/
tcl-55p7l,TCL,55P7L,TCL 55P7L,P7L,2026,55,10.5,without_stand,300,300,false,,,,2026-08-20,Официальные характеристики TCL 55P7L,https://www.tcl.com/ru/ru/tvs/p7l,https://krepitv.ru/modeli/tcl-55p7l/
tcl-55q6c,TCL,55Q6C,TCL 55Q6C,Q6C,2025,55,12.2,without_stand,300,300,false,,,,2026-08-20,Официальные характеристики TCL 55Q6C,https://www.tcl.com/content/brandsite/ru/ru/tvs/q6c/jcr:content/root/container/container/container/subnav_menus/specifications1/product_spec.L2NvbnRlbnQvYnJhbmRzaXRlLXByb2R1Y3QvcnUvcnUvdHZzL3E2Yy81NQ==.json,https://krepitv.ru/modeli/tcl-55q6c/
tcl-55q6cs,TCL,55Q6CS,TCL 55Q6CS,Q6CS,2025,55,12.2,without_stand,300,300,false,,,,2026-08-04,Официальные российские характеристики TCL,https://www.tcl.com/ru/ru/tvs/q6cs,https://krepitv.ru/modeli/tcl-55q6cs/
tcl-55t8d,TCL,55T8D,TCL 55T8D,T8D,2026,55,11,without_stand,300,300,false,,,,2026-08-04,Официальные российские характеристики TCL,https://www.tcl.com/ru/ru/tvs/t8d,https://krepitv.ru/modeli/tcl-55t8d/
tcl-65c7k,TCL,65C7K,TCL 65C7K,C7K,2025,65,18,without_stand,300,300,false,,,,2026-07-30,Официальные российские характеристики TCL,https://www.tcl.com/ru/ru/tvs/65c7k,https://krepitv.ru/modeli/tcl-65c7k/
tcl-65p8l,TCL,65P8L,TCL 65P8L,P8L,2026,65,16.9,without_stand,400,300,false,,,,2026-08-20,Официальные характеристики TCL 65P8L,https://www.tcl.com/content/brandsite/ru/ru/tvs/p8l/jcr:content/root/container/container/container/subnav_menus/specifications1/product_spec.L2NvbnRlbnQvYnJhbmRzaXRlLXByb2R1Y3QvcnUvcnUvdHZzL3A4bC82NXA4bA==.json,https://krepitv.ru/modeli/tcl-65p8l/
tcl-65q7d,TCL,65Q7D,TCL 65Q7D,Q7D,2026,65,18,without_stand,600,400,false,,,,2026-08-04,Официальные российские характеристики TCL,https://www.tcl.com/ru/ru/tvs/q7d,https://krepitv.ru/modeli/tcl-65q7d/
tcl-65v6c,TCL,65V6C,TCL 65V6C,V6C,2025,65,12.2,without_stand,200,200,false,,,,2026-08-20,Официальные характеристики TCL 65V6C,https://www.tcl.com/content/brandsite/ru/ru/tvs/v6c/jcr:content/root/container/container/container/subnav_menus/specifications1/product_spec.L2NvbnRlbnQvYnJhbmRzaXRlLXByb2R1Y3QvcnUvcnUvdHZzL3Y2Yy82NXY2Yw==.json,https://krepitv.ru/modeli/tcl-65v6c/
tcl-75c6k,TCL,75C6K,TCL 75C6K,C6K,2025,75,23,without_stand,300,300,false,,,,2026-07-30,Официальные российские характеристики TCL,https://www.tcl.com/ru/ru/tvs/75c6k,https://krepitv.ru/modeli/tcl-75c6k/
topdevice-tdhtv24y1hd-bk,TopDevice,TDHTV24Y1HD_BK,TopDevice TDHTV24Y1HD_BK,YaOS,,24,2.2,published_unspecified,100,100,false,,,,2026-08-04,Официальные характеристики TopDevice,https://topdevice.ru/products/tv/topdevice-24-smart-tv-yaos/,https://krepitv.ru/modeli/topdevice-tdhtv24y1hd-bk/
topdevice-tdhtv32gfd-bk,TopDevice,TDHTV32GFD_BK,TopDevice TDHTV32GFD_BK,Google TV,,32,3.35,published_unspecified,100,100,false,,,,2026-08-04,Официальные характеристики TopDevice,https://topdevice.ru/products/tv/topdevice-32-google-tv-2/,https://krepitv.ru/modeli/topdevice-tdhtv32gfd-bk/
topdevice-tdhtv32ghd-bk,TopDevice,TDHTV32GHD_BK,TopDevice TDHTV32GHD_BK,Google TV,,32,2.9,published_unspecified,200,100,false,,,,2026-08-04,Официальные характеристики TopDevice,https://topdevice.ru/products/tv/topdevice-32-google-tv/,https://krepitv.ru/modeli/topdevice-tdhtv32ghd-bk/
tuvio-td100ufbhh12,Tuvio,TD100UFBHH12,Tuvio TD100UFBHH12,TD UFBHH12,,100,62.8,without_stand,800,400,false,,,,2026-08-05,Официальная карточка Tuvio TD100UFBHH12,https://tuvio.yandex.ru/card/100-televizor-tuvio-4k-ultra-hd-dled-frameless-na-platforme-yaos-td100ufbhh12-chernyy,https://krepitv.ru/modeli/tuvio-td100ufbhh12/
tuvio-td24hbch11,Tuvio,TD24HBCH11,Tuvio TD24HBCH11,DLED YaOS,,24,2.2,with_stand,200,200,false,,,,2026-08-05,Официальная карточка Tuvio TD24HBCH11,https://tuvio.yandex.ru/card/24-televizor-tuvio-hd-ready-dled-na-platforme-yaos-td24hbch11-chernyy,https://krepitv.ru/modeli/tuvio-td24hbch11/
tuvio-td32hfbch12,Tuvio,TD32HFBCH12,Tuvio TD32HFBCH12,DLED Frameless YaOS,,32,3.5,with_stand,200,200,false,,,,2026-08-05,Официальная карточка Tuvio TD32HFBCH12,https://tuvio.yandex.ru/card/32-televizor-tuvio-hd-ready-dled-frameless-na-platforme-yaos-td32hfbch12-chernyy,https://krepitv.ru/modeli/tuvio-td32hfbch12/
tuvio-td43ufbhh13,Tuvio,TD43UFBHH13,Tuvio TD43UFBHH13,Tuvio,2025,43,5.2,without_stand,200,200,false,,,,2026-08-04,Официальные характеристики Tuvio,https://tuvio.yandex.ru/card/43-televizor-tuvio-4k-ultra-hd-dled-frameless-na-platforme-yaos-td43ufbhh13-chernyy,https://krepitv.ru/modeli/tuvio-td43ufbhh13/
tuvio-td50ufbhh11,Tuvio,TD50UFBHH11,Tuvio TD50UFBHH11,TD UFBHH11,,50,7.6,without_stand,200,300,false,,,,2026-08-05,Официальная карточка Tuvio TD50UFBHH11,https://tuvio.yandex.ru/card/50-televizor-tuvio-4k-ultra-hd-dled-frameless-na-platforme-yaos-td50ufbhh11-chernyy,https://krepitv.ru/modeli/tuvio-td50ufbhh11/
tuvio-td50ufbhh12,Tuvio,TD50UFBHH12,Tuvio TD50UFBHH12,DLED Frameless YaOS,,50,7.6,with_stand,300,300,false,,,,2026-08-05,Официальная карточка Tuvio TD50UFBHH12,https://tuvio.yandex.ru/card/50-televizor-tuvio-4k-ultra-hd-dled-frameless-na-platforme-yaos-td50ufbhh12-chernyy,https://krepitv.ru/modeli/tuvio-td50ufbhh12/
tuvio-td55ufbth51,Tuvio,TD55UFBTH51,Tuvio TD55UFBTH51,DLED Frameless Google TV,2026,55,9.2,published_unspecified,200,200,false,,,,2026-08-05,Официальная карточка Tuvio TD55UFBTH51,https://tuvio.yandex.ru/card/55-televizor-tuvio-4k-ultra-hd-dled-frameless-na-platforme-google-th-td55ufbth51-chernyy,https://krepitv.ru/modeli/tuvio-td55ufbth51/
tuvio-td65ufbhh12,Tuvio,TD65UFBHH12,Tuvio TD65UFBHH12,TD UFBHH12,,65,12.8,without_stand,300,300,false,,,,2026-08-20,Официальная карточка Tuvio TD65UFBHH12,https://tuvio.yandex.ru/card/65-televizor-tuvio-4k-ultra-hd-dled-frameless-na-platforme-yaos-td65ufbhh12-chernyy,https://krepitv.ru/modeli/tuvio-td65ufbhh12/
tuvio-tm75ufgch52,Tuvio,TM75UFGCH52,Tuvio TM75UFGCH52,MiniLED Google TV,,75,30.6,with_stand,400,400,false,,,,2026-08-05,Официальная карточка Tuvio TM75UFGCH52,https://tuvio.yandex.ru/card/75-televizor-tuvio-4k-ultra-hd-miniled-s-saundvuferom-na-platforme-google-tv-tm75ufgch52-temno-seryy,https://krepitv.ru/modeli/tuvio-tm75ufgch52/
tuvio-tq65ufghh13,Tuvio,TQ65UFGHH13,Tuvio TQ65UFGHH13,Tuvio,,65,12.8,without_stand,300,300,false,,,,2026-08-04,Официальные характеристики Tuvio,https://tuvio.yandex.ru/card/65-televizor-tuvio-4k-ultra-hd-qled-frameless-na-platforme-yaos-tq65ufghh13,https://krepitv.ru/modeli/tuvio-tq65ufghh13/
xiaomi-tv-a-pro-32-2026,Xiaomi,TV A Pro 32 2026,Xiaomi TV A Pro 32 2026,TV A Pro,2026,32,3.1,without_stand,100,200,false,,,,2026-08-05,Официальные характеристики Xiaomi TV A Pro 32 2026,https://www.mi.com/global/product/xiaomi-tv-a-pro-32-2026/specs/,https://krepitv.ru/modeli/xiaomi-tv-a-pro-32-2026/
xiaomi-tv-a-43-2025,Xiaomi,Xiaomi TV A 43 2025,Xiaomi TV A 43 2025,TV A 2025,2025,43,5.9,without_stand,200,100,false,,,,2026-07-30,Официальные глобальные характеристики Xiaomi,https://www.mi.com/global/product/xiaomi-tv-a-43-2025/specs/,https://krepitv.ru/modeli/xiaomi-tv-a-43-2025/
xiaomi-tv-a-50-2025,Xiaomi,Xiaomi TV A 50 2025,Xiaomi TV A 50 2025,TV A 2025,2025,50,8,without_stand,200,200,false,,,,2026-07-30,Официальные глобальные характеристики Xiaomi,https://www.mi.com/global/product/xiaomi-tv-a-50-2025/specs/,https://krepitv.ru/modeli/xiaomi-tv-a-50-2025/
xiaomi-tv-a-55-2025,Xiaomi,Xiaomi TV A 55 2025,Xiaomi TV A 55 2025,TV A 2025,2025,55,10.1,without_stand,200,200,false,,,,2026-07-30,Официальные глобальные характеристики Xiaomi,https://www.mi.com/global/product/xiaomi-tv-a-55-2025/specs/,https://krepitv.ru/modeli/xiaomi-tv-a-55-2025/
xiaomi-tv-a-pro-43-2025,Xiaomi,Xiaomi TV A Pro 43 2025,Xiaomi TV A Pro 43 2025,TV A Pro 2025,2025,43,6,without_stand,100,200,false,,,,2026-07-30,Официальные глобальные характеристики Xiaomi,https://www.mi.com/global/product/xiaomi-tv-a-pro-43-2025/specs/,https://krepitv.ru/modeli/xiaomi-tv-a-pro-43-2025/
xiaomi-tv-a-pro-55-2025,Xiaomi,Xiaomi TV A Pro 55 2025,Xiaomi TV A Pro 55 2025,TV A Pro 2025,2025,55,10.3,without_stand,200,200,false,,,,2026-07-30,Официальные российские характеристики Xiaomi,https://www.mi.com/ru/product/xiaomi-tv-a-pro-55-2025/specs/,https://krepitv.ru/modeli/xiaomi-tv-a-pro-55-2025/
xiaomi-tv-a-pro-55-2026,Xiaomi,Xiaomi TV A Pro 55 2026,Xiaomi TV A Pro 55 2026,TV A Pro 2026,2026,55,9.1,without_stand,200,300,false,,,,2026-08-04,Официальные характеристики Xiaomi,https://www.mi.com/global/product/xiaomi-tv-a-pro-55-2026/specs/,https://krepitv.ru/modeli/xiaomi-tv-a-pro-55-2026/
xiaomi-tv-a-pro-65-2025,Xiaomi,Xiaomi TV A Pro 65 2025,Xiaomi TV A Pro 65 2025,TV A Pro 2025,2025,65,14.7,without_stand,400,300,false,,,,2026-07-30,Официальные глобальные характеристики Xiaomi,https://www.mi.com/global/product/xiaomi-tv-a-pro-65-2025/specs/,https://krepitv.ru/modeli/xiaomi-tv-a-pro-65-2025/
xiaomi-tv-s-pro-mini-led-55-2026,Xiaomi,Xiaomi TV S Pro Mini LED 55 2026,Xiaomi TV S Pro Mini LED 55 2026,TV S Pro Mini LED 2026,2026,55,12.9,without_stand,300,300,false,,,,2026-08-04,Официальные характеристики Xiaomi,https://www.mi.com/global/product/xiaomi-tv-s-pro-mini-led-55-2026/specs/,https://krepitv.ru/modeli/xiaomi-tv-s-pro-mini-led-55-2026/
xiaomi-tv-s-pro-mini-led-75-2026,Xiaomi,Xiaomi TV S Pro Mini LED 75 2026,Xiaomi TV S Pro Mini LED 75 2026,TV S Pro Mini LED 2026,2026,75,25.6,without_stand,400,300,false,,,,2026-08-04,Официальные характеристики Xiaomi,https://www.mi.com/global/product/xiaomi-tv-s-pro-mini-led-75-2026/specs/,https://krepitv.ru/modeli/xiaomi-tv-s-pro-mini-led-75-2026/
yasin-32e9000,YASIN,32E9000,YASIN 32E9000,E9000,2025,32,3.2,with_stand,100,100,false,,,,2026-08-04,Официальные характеристики YASIN,https://yasintv.kz/ProductDetail/11047970.html,https://krepitv.ru/modeli/yasin-32e9000/
